{
  "sentence": "Global internet was help funded by what foundation ?",
  "structure": [
    [
      "subject",
      "verb",
      "adverbial"
    ]
  ],
  "relations": [
    {
      "subject": {
        "content": [
          {
            "index": 0,
            "text": "global"
          },
          {
            "index": 1,
            "text": "internet"
          }
        ],
        "isOptional": false,
        "pronoun": []
      },
      "predicate": {
        "content": [
          {
            "index": 2,
            "text": "was"
          },
          {
            "index": 3,
            "text": "help"
          },
          {
            "index": 4,
            "text": "funded"
          },
          {
            "index": 5,
            "text": "by"
          }
        ],
        "isOptional": false,
        "pronoun": []
      },
      "object": {
        "content": [
          {
            "index": 6,
            "text": "what"
          },
          {
            "index": 7,
            "text": "foundation"
          }
        ],
        "isOptional": false,
        "pronoun": []
      }
    }
  ]
}