{
  "sentence": "How many were in Langlades expedition ?",
  "structure": [
    [
      "subject",
      "verb",
      "adverbial"
    ]
  ],
  "relations": [
    {
      "subject": {
        "content": [
          {
            "index": 0,
            "text": "how"
          },
          {
            "index": 1,
            "text": "many"
          }
        ],
        "isOptional": false,
        "pronoun": []
      },
      "predicate": {
        "content": [
          {
            "index": 2,
            "text": "were"
          },
          {
            "index": 3,
            "text": "in"
          }
        ],
        "isOptional": false,
        "pronoun": []
      },
      "object": {
        "content": [
          {
            "index": 4,
            "text": "Langlades"
          },
          {
            "index": 5,
            "text": "expedition"
          }
        ],
        "isOptional": false,
        "pronoun": []
      }
    }
  ]
}