{
  "sentence": "The inside of a ctenophore is lined with what ?",
  "structure": [
    [
      "subject",
      "verb",
      "adverbial"
    ]
  ],
  "relations": [
    {
      "subject": {
        "content": {
          "subject": {
            "content": [
              {
                "index": 0,
                "text": "the"
              },
              {
                "index": 1,
                "text": "inside"
              }
            ],
            "isOptional": false,
            "pronoun": []
          },
          "predicate": {
            "content": [
              {
                "index": 2,
                "text": "of"
              }
            ],
            "isOptional": false,
            "pronoun": []
          },
          "object": {
            "content": [
              {
                "index": 3,
                "text": "a"
              },
              {
                "index": 4,
                "text": "ctenophore"
              }
            ],
            "isOptional": false,
            "pronoun": []
          }
        },
        "isOptional": false,
        "pronoun": []
      },
      "predicate": {
        "content": [
          {
            "index": 5,
            "text": "is"
          },
          {
            "index": 6,
            "text": "lined"
          },
          {
            "index": 7,
            "text": "with"
          }
        ],
        "isOptional": false,
        "pronoun": []
      },
      "object": {
        "content": [
          {
            "index": 8,
            "text": "what"
          }
        ],
        "isOptional": false,
        "pronoun": []
      }
    }
  ]
}