{
  "sentence": "What happened to the rate of flow in the Rhine during the Rhine straightening program ?",
  "structure": [
    [
      "subject",
      "verb",
      "adverbial",
      "adverbial",
      "adverbial"
    ]
  ],
  "relations": [
    {
      "subject": {
        "content": {
          "subject": {
            "content": [
              {
                "index": 0,
                "text": "what"
              }
            ],
            "isOptional": false,
            "pronoun": []
          },
          "predicate": {
            "content": [
              {
                "index": 1,
                "text": "happened"
              },
              {
                "index": 2,
                "text": "to"
              }
            ],
            "isOptional": false,
            "pronoun": []
          },
          "object": {
            "content": {
              "subject": {
                "content": {
                  "subject": {
                    "content": [
                      {
                        "index": 3,
                        "text": "the"
                      },
                      {
                        "index": 4,
                        "text": "rate"
                      }
                    ],
                    "isOptional": false,
                    "pronoun": []
                  },
                  "predicate": {
                    "content": [
                      {
                        "index": 5,
                        "text": "of"
                      }
                    ],
                    "isOptional": false,
                    "pronoun": []
                  },
                  "object": {
                    "content": [
                      {
                        "index": 6,
                        "text": "flow"
                      }
                    ],
                    "isOptional": false,
                    "pronoun": []
                  }
                },
                "isOptional": false,
                "pronoun": []
              },
              "predicate": {
                "content": [
                  {
                    "index": 7,
                    "text": "in"
                  }
                ],
                "isOptional": false,
                "pronoun": []
              },
              "object": {
                "content": [
                  {
                    "index": 8,
                    "text": "the"
                  },
                  {
                    "index": 9,
                    "text": "Rhine"
                  }
                ],
                "isOptional": false,
                "pronoun": []
              }
            },
            "isOptional": false,
            "pronoun": []
          }
        },
        "isOptional": false,
        "pronoun": []
      },
      "predicate": {
        "content": [
          {
            "index": 10,
            "text": "during"
          }
        ],
        "isOptional": false,
        "pronoun": []
      },
      "object": {
        "content": [
          {
            "index": 11,
            "text": "the"
          },
          {
            "index": 12,
            "text": "Rhine"
          },
          {
            "index": 13,
            "text": "straightening"
          },
          {
            "index": 14,
            "text": "program"
          }
        ],
        "isOptional": false,
        "pronoun": []
      }
    }
  ]
}