{
  "sentence": "What, along with a desire for more steam pressure, were early drivers looking to generate when they fastened engines down ?",
  "structure": [
    [
      {
        "clauseType": "subject",
        "clauseStructure": [
          "subject",
          "verb",
          "adverbial",
          "adverbial"
        ]
      },
      "verb",
      "object",
      {
        "clauseType": "adverbial",
        "clauseStructure": [
          "verb",
          "adverbial"
        ]
      }
    ],
    [
      "subject",
      "verb",
      "object",
      "complement"
    ]
  ],
  "relations": [
    {
      "subject": {
        "content": {
          "subject": {
            "content": {
              "subject": {
                "content": {
                  "subject": {
                    "content": [
                      {
                        "index": 0,
                        "text": "what"
                      }
                    ],
                    "isOptional": false,
                    "pronoun": []
                  },
                  "predicate": {
                    "content": "",
                    "isOptional": false,
                    "pronoun": []
                  },
                  "object": {
                    "content": "",
                    "isOptional": false,
                    "pronoun": []
                  }
                },
                "isOptional": false,
                "pronoun": []
              },
              "predicate": {
                "content": [
                  {
                    "index": 9,
                    "text": "were"
                  }
                ],
                "isOptional": false,
                "pronoun": []
              },
              "object": {
                "content": [
                  {
                    "index": 10,
                    "text": "early"
                  },
                  {
                    "index": 11,
                    "text": "drivers"
                  }
                ],
                "isOptional": false,
                "pronoun": []
              }
            },
            "isOptional": false,
            "pronoun": []
          },
          "predicate": {
            "content": {
              "subject": {
                "content": [
                  {
                    "index": 12,
                    "text": "looking"
                  }
                ],
                "isOptional": false,
                "pronoun": []
              },
              "predicate": {
                "content": [
                  {
                    "index": 13,
                    "text": "to"
                  }
                ],
                "isOptional": false,
                "pronoun": []
              },
              "object": {
                "content": [
                  {
                    "index": 14,
                    "text": "generate"
                  }
                ],
                "isOptional": false,
                "pronoun": []
              }
            },
            "isOptional": false,
            "pronoun": []
          },
          "object": {
            "content": "",
            "isOptional": false,
            "pronoun": []
          }
        },
        "isOptional": false,
        "pronoun": []
      },
      "predicate": {
        "content": [
          {
            "index": 15,
            "text": "when"
          }
        ],
        "isOptional": false,
        "pronoun": []
      },
      "object": {
        "content": {
          "subject": {
            "content": [
              {
                "index": 16,
                "text": "they"
              }
            ],
            "isOptional": false,
            "pronoun": []
          },
          "predicate": {
            "content": [
              {
                "index": 17,
                "text": "fastened"
              },
              {
                "index": 19,
                "text": "down"
              }
            ],
            "isOptional": false,
            "pronoun": []
          },
          "object": {
            "content": [
              {
                "index": 18,
                "text": "engines"
              }
            ],
            "isOptional": false,
            "pronoun": []
          }
        },
        "isOptional": false,
        "pronoun": []
      }
    }
  ]
}