{
  "sentence": "Who restored the Bungalows ?",
  "structure": [
    [
      "subject",
      "verb",
      "object"
    ]
  ],
  "relations": [
    {
      "subject": {
        "content": [
          {
            "index": 0,
            "text": "who"
          }
        ],
        "isOptional": false,
        "pronoun": []
      },
      "predicate": {
        "content": [
          {
            "index": 1,
            "text": "restored"
          }
        ],
        "isOptional": false,
        "pronoun": []
      },
      "object": {
        "content": [
          {
            "index": 2,
            "text": "the"
          },
          {
            "index": 3,
            "text": "Bungalows"
          }
        ],
        "isOptional": false,
        "pronoun": []
      }
    }
  ]
}