{
  "sentence": "What was Tugh Temur not known for ?",
  "structure": [
    [
      "subject",
      "verb",
      "object",
      "adverbial"
    ]
  ],
  "relations": [
    {
      "subject": {
        "content": {
          "subject": {
            "content": [
              {
                "index": 4,
                "text": "not"
              },
              {
                "index": 5,
                "text": "known"
              }
            ],
            "isOptional": false,
            "pronoun": []
          },
          "predicate": {
            "content": [
              {
                "index": 6,
                "text": "for"
              }
            ],
            "isOptional": false,
            "pronoun": []
          },
          "object": {
            "content": [
              {
                "index": 0,
                "text": "what"
              }
            ],
            "isOptional": false,
            "pronoun": []
          }
        },
        "isOptional": false,
        "pronoun": []
      },
      "predicate": {
        "content": [
          {
            "index": 1,
            "text": "was"
          }
        ],
        "isOptional": false,
        "pronoun": []
      },
      "object": {
        "content": [
          {
            "index": 2,
            "text": "Tugh"
          },
          {
            "index": 3,
            "text": "Temur"
          }
        ],
        "isOptional": false,
        "pronoun": []
      }
    }
  ]
}