{
  "sentence": "Other member do not normally contribute to what ?",
  "structure": [
    [
      "subject",
      "verb",
      "adverbial"
    ]
  ],
  "relations": [
    {
      "subject": {
        "content": [
          {
            "index": 0,
            "text": "other"
          },
          {
            "index": 1,
            "text": "member"
          }
        ],
        "isOptional": false,
        "pronoun": []
      },
      "predicate": {
        "content": [
          {
            "index": 2,
            "text": "do"
          },
          {
            "index": 3,
            "text": "not"
          },
          {
            "index": 4,
            "text": "normally"
          },
          {
            "index": 5,
            "text": "contribute"
          },
          {
            "index": 6,
            "text": "to"
          }
        ],
        "isOptional": false,
        "pronoun": []
      },
      "object": {
        "content": [
          {
            "index": 7,
            "text": "what"
          }
        ],
        "isOptional": false,
        "pronoun": []
      }
    }
  ]
}