{
  "sentence": "What was passed in 1805 ?",
  "structure": [
    [
      "subject",
      "verb",
      "adverbial"
    ]
  ],
  "relations": [
    {
      "subject": {
        "content": [
          {
            "index": 0,
            "text": "what"
          }
        ],
        "isOptional": false,
        "pronoun": []
      },
      "predicate": {
        "content": [
          {
            "index": 1,
            "text": "was"
          },
          {
            "index": 2,
            "text": "passed"
          },
          {
            "index": 3,
            "text": "in"
          }
        ],
        "isOptional": false,
        "pronoun": []
      },
      "object": {
        "content": [
          {
            "index": 4,
            "text": "1805"
          }
        ],
        "isOptional": false,
        "pronoun": []
      }
    }
  ]
}