{
  "sentence": "What is not regarded as an integral part of the general principles of EU law ?",
  "structure": [
    [
      "subject",
      "verb",
      "adverbial"
    ]
  ],
  "relations": [
    {
      "subject": {
        "content": [
          {
            "index": 0,
            "text": "what"
          }
        ],
        "isOptional": false,
        "pronoun": []
      },
      "predicate": {
        "content": [
          {
            "index": 1,
            "text": "is"
          },
          {
            "index": 2,
            "text": "not"
          },
          {
            "index": 3,
            "text": "regarded"
          },
          {
            "index": 4,
            "text": "as"
          }
        ],
        "isOptional": false,
        "pronoun": []
      },
      "object": {
        "content": {
          "subject": {
            "content": [
              {
                "index": 5,
                "text": "an"
              },
              {
                "index": 6,
                "text": "integral"
              },
              {
                "index": 7,
                "text": "part"
              }
            ],
            "isOptional": false,
            "pronoun": []
          },
          "predicate": {
            "content": [
              {
                "index": 8,
                "text": "of"
              }
            ],
            "isOptional": false,
            "pronoun": []
          },
          "object": {
            "content": {
              "subject": {
                "content": [
                  {
                    "index": 9,
                    "text": "the"
                  },
                  {
                    "index": 10,
                    "text": "general"
                  },
                  {
                    "index": 11,
                    "text": "principles"
                  }
                ],
                "isOptional": false,
                "pronoun": []
              },
              "predicate": {
                "content": [
                  {
                    "index": 12,
                    "text": "of"
                  }
                ],
                "isOptional": false,
                "pronoun": []
              },
              "object": {
                "content": [
                  {
                    "index": 13,
                    "text": "EU"
                  },
                  {
                    "index": 14,
                    "text": "law"
                  }
                ],
                "isOptional": false,
                "pronoun": []
              }
            },
            "isOptional": false,
            "pronoun": []
          }
        },
        "isOptional": false,
        "pronoun": []
      }
    }
  ]
}