{
  "sentence": "Where according to gross state product does Victoria rank in Australia ?",
  "structure": [
    [
      "object",
      "adverbial",
      "subject",
      "verb",
      "adverbial"
    ]
  ],
  "relations": [
    {
      "subject": {
        "content": {
          "subject": {
            "content": [
              {
                "index": 7,
                "text": "Victoria"
              }
            ],
            "isOptional": false,
            "pronoun": []
          },
          "predicate": {
            "content": [
              {
                "index": 8,
                "text": "rank"
              }
            ],
            "isOptional": false,
            "pronoun": []
          },
          "object": {
            "content": {
              "subject": {
                "content": [
                  {
                    "index": 0,
                    "text": "where"
                  }
                ],
                "isOptional": false,
                "pronoun": []
              },
              "predicate": {
                "content": [
                  {
                    "index": 9,
                    "text": "in"
                  }
                ],
                "isOptional": false,
                "pronoun": []
              },
              "object": {
                "content": [
                  {
                    "index": 10,
                    "text": "Australia"
                  }
                ],
                "isOptional": false,
                "pronoun": []
              }
            },
            "isOptional": false,
            "pronoun": []
          }
        },
        "isOptional": false,
        "pronoun": []
      },
      "predicate": {
        "content": [
          {
            "index": 1,
            "text": "according"
          },
          {
            "index": 2,
            "text": "to"
          }
        ],
        "isOptional": false,
        "pronoun": []
      },
      "object": {
        "content": [
          {
            "index": 3,
            "text": "gross"
          },
          {
            "index": 4,
            "text": "state"
          },
          {
            "index": 5,
            "text": "product"
          }
        ],
        "isOptional": false,
        "pronoun": []
      }
    }
  ]
}