{
  "sentence": "Where was the location of the 2003 Rose revolution ?",
  "structure": [
    [
      "subject",
      "verb",
      "object"
    ]
  ],
  "relations": [
    {
      "subject": {
        "content": [
          {
            "index": 0,
            "text": "where"
          }
        ],
        "isOptional": false,
        "pronoun": []
      },
      "predicate": {
        "content": [
          {
            "index": 1,
            "text": "was"
          }
        ],
        "isOptional": false,
        "pronoun": []
      },
      "object": {
        "content": {
          "subject": {
            "content": [
              {
                "index": 2,
                "text": "the"
              },
              {
                "index": 3,
                "text": "location"
              }
            ],
            "isOptional": false,
            "pronoun": []
          },
          "predicate": {
            "content": [
              {
                "index": 4,
                "text": "of"
              }
            ],
            "isOptional": false,
            "pronoun": []
          },
          "object": {
            "content": [
              {
                "index": 5,
                "text": "the"
              },
              {
                "index": 6,
                "text": "2003"
              },
              {
                "index": 7,
                "text": "Rose"
              },
              {
                "index": 8,
                "text": "revolution"
              }
            ],
            "isOptional": false,
            "pronoun": []
          }
        },
        "isOptional": false,
        "pronoun": []
      }
    }
  ]
}