{
  "sentence": "How small was the audience BSkyB said they couldn't reach ?",
  "structure": [
    [
      "adverbial",
      "subject",
      "verb",
      {
        "clauseType": "object",
        "clauseStructure": [
          "subject",
          "verb"
        ]
      }
    ]
  ],
  "relations": [
    {
      "subject": {
        "content": {
          "subject": {
            "content": [
              {
                "index": 3,
                "text": "the"
              },
              {
                "index": 4,
                "text": "audience"
              }
            ],
            "isOptional": false,
            "pronoun": []
          },
          "predicate": {
            "content": [
              {
                "index": -1,
                "text": "BE"
              }
            ],
            "isOptional": false,
            "pronoun": []
          },
          "object": {
            "content": [
              {
                "index": 5,
                "text": "BSkyB"
              }
            ],
            "isOptional": false,
            "pronoun": []
          }
        },
        "isOptional": false,
        "pronoun": []
      },
      "predicate": {
        "content": [
          {
            "index": 2,
            "text": "was"
          },
          {
            "index": 6,
            "text": "said"
          }
        ],
        "isOptional": false,
        "pronoun": []
      },
      "object": {
        "content": {
          "subject": {
            "content": [
              {
                "index": 7,
                "text": "they"
              }
            ],
            "isOptional": false,
            "pronoun": []
          },
          "predicate": {
            "content": [
              {
                "index": 8,
                "text": "couldn't"
              },
              {
                "index": 9,
                "text": "reach"
              }
            ],
            "isOptional": false,
            "pronoun": []
          },
          "object": {
            "content": [
              {
                "index": 0,
                "text": "how"
              },
              {
                "index": 1,
                "text": "small"
              }
            ],
            "isOptional": false,
            "pronoun": []
          }
        },
        "isOptional": false,
        "pronoun": []
      }
    }
  ]
}