{
  "sentence": "In what country was a full-scale working railway steam centre first invented ?",
  "structure": [
    [
      "adverbial",
      "subject",
      "verb"
    ]
  ],
  "relations": [
    {
      "subject": {
        "content": {
          "subject": {
            "content": [
              {
                "index": 4,
                "text": "a"
              },
              {
                "index": 5,
                "text": "full-scale"
              }
            ],
            "isOptional": false,
            "pronoun": []
          },
          "predicate": {
            "content": [
              {
                "index": 6,
                "text": "working"
              }
            ],
            "isOptional": false,
            "pronoun": []
          },
          "object": {
            "content": [
              {
                "index": 7,
                "text": "railway"
              },
              {
                "index": 8,
                "text": "steam"
              },
              {
                "index": 9,
                "text": "centre"
              }
            ],
            "isOptional": false,
            "pronoun": []
          }
        },
        "isOptional": false,
        "pronoun": []
      },
      "predicate": {
        "content": [
          {
            "index": 0,
            "text": "in"
          },
          {
            "index": 3,
            "text": "was"
          },
          {
            "index": 10,
            "text": "first"
          },
          {
            "index": 11,
            "text": "invented"
          }
        ],
        "isOptional": false,
        "pronoun": []
      },
      "object": {
        "content": [
          {
            "index": 1,
            "text": "what"
          },
          {
            "index": 2,
            "text": "country"
          }
        ],
        "isOptional": false,
        "pronoun": []
      }
    }
  ]
}