{
  "sentence": "Outside of Northern San Diego, which other region contains business districts ?",
  "structure": [
    [
      "adverbial",
      "subject",
      "verb",
      "object"
    ]
  ],
  "relations": [
    {
      "subject": {
        "content": {
          "subject": {
            "content": [
              {
                "index": 6,
                "text": "which"
              },
              {
                "index": 7,
                "text": "other"
              },
              {
                "index": 8,
                "text": "region"
              }
            ],
            "isOptional": false,
            "pronoun": []
          },
          "predicate": {
            "content": [
              {
                "index": 0,
                "text": "outside"
              },
              {
                "index": 1,
                "text": "of"
              }
            ],
            "isOptional": false,
            "pronoun": []
          },
          "object": {
            "content": [
              {
                "index": 2,
                "text": "Northern"
              },
              {
                "index": 3,
                "text": "San"
              },
              {
                "index": 4,
                "text": "Diego"
              }
            ],
            "isOptional": false,
            "pronoun": []
          }
        },
        "isOptional": false,
        "pronoun": []
      },
      "predicate": {
        "content": [
          {
            "index": 9,
            "text": "contains"
          }
        ],
        "isOptional": false,
        "pronoun": []
      },
      "object": {
        "content": [
          {
            "index": 10,
            "text": "business"
          },
          {
            "index": 11,
            "text": "districts"
          }
        ],
        "isOptional": false,
        "pronoun": []
      }
    }
  ]
}