{
  "sentence": "What do tumors express that are also found on normal cells ?",
  "structure": [
    [
      "object",
      "subject",
      "verb",
      {
        "clauseType": "adverbial",
        "clauseStructure": [
          "verb",
          "adverbial"
        ]
      }
    ]
  ],
  "relations": [
    {
      "subject": {
        "content": [
          {
            "index": 2,
            "text": "tumors"
          }
        ],
        "isOptional": false,
        "pronoun": []
      },
      "predicate": {
        "content": [
          {
            "index": 3,
            "text": "express"
          }
        ],
        "isOptional": false,
        "pronoun": []
      },
      "object": {
        "content": {
          "subject": {
            "content": [
              {
                "index": 0,
                "text": "what"
              }
            ],
            "isOptional": false,
            "pronoun": []
          },
          "predicate": {
            "content": [
              {
                "index": 5,
                "text": "are"
              },
              {
                "index": 6,
                "text": "also"
              },
              {
                "index": 7,
                "text": "found"
              },
              {
                "index": 8,
                "text": "on"
              }
            ],
            "isOptional": false,
            "pronoun": []
          },
          "object": {
            "content": [
              {
                "index": 9,
                "text": "normal"
              },
              {
                "index": 10,
                "text": "cells"
              }
            ],
            "isOptional": false,
            "pronoun": []
          }
        },
        "isOptional": false,
        "pronoun": []
      }
    }
  ]
}