{
  "sentence": "What is the problem attributed to defining if three finite graphs are isomorphic ?",
  "structure": [
    [
      "object",
      "subject",
      "verb",
      "adverbial"
    ],
    [
      "subject",
      "verb",
      "complement"
    ]
  ],
  "relations": [
    {
      "subject": {
        "content": {
          "subject": {
            "content": [
              {
                "index": 2,
                "text": "the"
              },
              {
                "index": 3,
                "text": "problem"
              }
            ],
            "isOptional": false,
            "pronoun": []
          },
          "predicate": {
            "content": {
              "subject": {
                "content": [
                  {
                    "index": 4,
                    "text": "attributed"
                  }
                ],
                "isOptional": false,
                "pronoun": []
              },
              "predicate": {
                "content": [
                  {
                    "index": 5,
                    "text": "to"
                  }
                ],
                "isOptional": false,
                "pronoun": []
              },
              "object": {
                "content": [
                  {
                    "index": 6,
                    "text": "defining"
                  }
                ],
                "isOptional": false,
                "pronoun": []
              }
            },
            "isOptional": false,
            "pronoun": []
          },
          "object": {
            "content": [
              {
                "index": 0,
                "text": "what"
              }
            ],
            "isOptional": false,
            "pronoun": []
          }
        },
        "isOptional": false,
        "pronoun": []
      },
      "predicate": {
        "content": [
          {
            "index": 7,
            "text": "if"
          }
        ],
        "isOptional": false,
        "pronoun": []
      },
      "object": {
        "content": {
          "subject": {
            "content": [
              {
                "index": 8,
                "text": "three"
              },
              {
                "index": 9,
                "text": "finite"
              },
              {
                "index": 10,
                "text": "graphs"
              }
            ],
            "isOptional": false,
            "pronoun": []
          },
          "predicate": {
            "content": [
              {
                "index": 11,
                "text": "are"
              }
            ],
            "isOptional": false,
            "pronoun": []
          },
          "object": {
            "content": [
              {
                "index": 12,
                "text": "isomorphic"
              }
            ],
            "isOptional": false,
            "pronoun": []
          }
        },
        "isOptional": false,
        "pronoun": []
      }
    }
  ]
}