{
  "sentence": "While producing oxygen, what gas does a zeolite sieve absorb ?",
  "structure": [
    [
      {
        "clauseType": "adverbial",
        "clauseStructure": [
          "verb",
          "object"
        ]
      },
      "object",
      "subject",
      "verb"
    ]
  ],
  "relations": [
    {
      "subject": {
        "content": {
          "subject": {
            "content": [
              {
                "index": 7,
                "text": "a"
              },
              {
                "index": 8,
                "text": "zeolite"
              },
              {
                "index": 9,
                "text": "sieve"
              }
            ],
            "isOptional": false,
            "pronoun": []
          },
          "predicate": {
            "content": [
              {
                "index": 10,
                "text": "absorb"
              }
            ],
            "isOptional": false,
            "pronoun": []
          },
          "object": {
            "content": [
              {
                "index": 4,
                "text": "what"
              },
              {
                "index": 5,
                "text": "gas"
              }
            ],
            "isOptional": false,
            "pronoun": []
          }
        },
        "isOptional": false,
        "pronoun": []
      },
      "predicate": {
        "content": [
          {
            "index": 0,
            "text": "while"
          }
        ],
        "isOptional": false,
        "pronoun": []
      },
      "object": {
        "content": {
          "subject": {
            "content": "",
            "isOptional": false,
            "pronoun": []
          },
          "predicate": {
            "content": [
              {
                "index": 1,
                "text": "producing"
              }
            ],
            "isOptional": false,
            "pronoun": []
          },
          "object": {
            "content": [
              {
                "index": 2,
                "text": "oxygen"
              }
            ],
            "isOptional": false,
            "pronoun": []
          }
        },
        "isOptional": false,
        "pronoun": []
      }
    }
  ]
}