{
  "sentence": "How many elements did Aristotle believe the terrestrial sphere to be made up of ?",
  "structure": [
    [
      "adverbial",
      "subject",
      "verb",
      "object",
      {
        "clauseType": "adverbial",
        "clauseStructure": [
          "verb"
        ]
      }
    ]
  ],
  "relations": [
    {
      "subject": {
        "content": [
          {
            "index": 4,
            "text": "Aristotle"
          }
        ],
        "isOptional": false,
        "pronoun": []
      },
      "predicate": {
        "content": [
          {
            "index": 5,
            "text": "believe"
          }
        ],
        "isOptional": false,
        "pronoun": []
      },
      "object": {
        "content": {
          "subject": {
            "content": [
              {
                "index": 6,
                "text": "the"
              },
              {
                "index": 7,
                "text": "terrestrial"
              },
              {
                "index": 8,
                "text": "sphere"
              }
            ],
            "isOptional": false,
            "pronoun": []
          },
          "predicate": {
            "content": {
              "subject": {
                "content": [
                  {
                    "index": 9,
                    "text": "to"
                  }
                ],
                "isOptional": false,
                "pronoun": []
              },
              "predicate": {
                "content": [
                  {
                    "index": 10,
                    "text": "be"
                  },
                  {
                    "index": 11,
                    "text": "made"
                  },
                  {
                    "index": 12,
                    "text": "up"
                  }
                ],
                "isOptional": false,
                "pronoun": []
              },
              "object": {
                "content": [
                  {
                    "index": 13,
                    "text": "of"
                  }
                ],
                "isOptional": false,
                "pronoun": []
              }
            },
            "isOptional": false,
            "pronoun": []
          },
          "object": {
            "content": [
              {
                "index": 0,
                "text": "how"
              },
              {
                "index": 1,
                "text": "many"
              },
              {
                "index": 2,
                "text": "elements"
              }
            ],
            "isOptional": false,
            "pronoun": []
          }
        },
        "isOptional": false,
        "pronoun": []
      }
    }
  ]
}