{
  "sentence": "When did Zhu Shijie die ?",
  "structure": [
    [
      "adverbial",
      "subject",
      "verb"
    ]
  ],
  "relations": [
    {
      "subject": {
        "content": [
          {
            "index": 2,
            "text": "Zhu"
          },
          {
            "index": 3,
            "text": "Shijie"
          }
        ],
        "isOptional": false,
        "pronoun": []
      },
      "predicate": {
        "content": [
          {
            "index": 4,
            "text": "die"
          }
        ],
        "isOptional": false,
        "pronoun": []
      },
      "object": {
        "content": [
          {
            "index": 0,
            "text": "when"
          }
        ],
        "isOptional": false,
        "pronoun": []
      }
    }
  ]
}