{
  "sentence": "What was not originally theorised about a free trade area ?",
  "structure": [
    [
      "subject",
      "verb",
      "adverbial"
    ]
  ],
  "relations": [
    {
      "subject": {
        "content": [
          {
            "index": 0,
            "text": "what"
          }
        ],
        "isOptional": false,
        "pronoun": []
      },
      "predicate": {
        "content": [
          {
            "index": 1,
            "text": "was"
          },
          {
            "index": 2,
            "text": "not"
          },
          {
            "index": 3,
            "text": "originally"
          },
          {
            "index": 4,
            "text": "theorised"
          },
          {
            "index": 5,
            "text": "about"
          }
        ],
        "isOptional": false,
        "pronoun": []
      },
      "object": {
        "content": [
          {
            "index": 6,
            "text": "a"
          },
          {
            "index": 7,
            "text": "free"
          },
          {
            "index": 8,
            "text": "trade"
          },
          {
            "index": 9,
            "text": "area"
          }
        ],
        "isOptional": false,
        "pronoun": []
      }
    }
  ]
}