{
  "sentence": "What party had a victory in the 2015 UK election ?",
  "structure": [
    [
      "subject",
      "verb",
      "object",
      "adverbial"
    ]
  ],
  "relations": [
    {
      "subject": {
        "content": [
          {
            "index": 0,
            "text": "what"
          },
          {
            "index": 1,
            "text": "party"
          }
        ],
        "isOptional": false,
        "pronoun": []
      },
      "predicate": {
        "content": [
          {
            "index": 2,
            "text": "had"
          }
        ],
        "isOptional": false,
        "pronoun": []
      },
      "object": {
        "content": {
          "subject": {
            "content": [
              {
                "index": 3,
                "text": "a"
              },
              {
                "index": 4,
                "text": "victory"
              }
            ],
            "isOptional": false,
            "pronoun": []
          },
          "predicate": {
            "content": [
              {
                "index": 5,
                "text": "in"
              }
            ],
            "isOptional": false,
            "pronoun": []
          },
          "object": {
            "content": [
              {
                "index": 6,
                "text": "the"
              },
              {
                "index": 7,
                "text": "2015"
              },
              {
                "index": 8,
                "text": "UK"
              },
              {
                "index": 9,
                "text": "election"
              }
            ],
            "isOptional": false,
            "pronoun": []
          }
        },
        "isOptional": false,
        "pronoun": []
      }
    }
  ]
}