{
  "sentence": "How old are the fossils found that represent ctenophhores  ?",
  "structure": [
    [
      "adverbial",
      "subject",
      "verb",
      {
        "clauseType": "object",
        "clauseStructure": [
          "verb",
          "object"
        ]
      }
    ]
  ],
  "relations": [
    {
      "subject": {
        "content": {
          "subject": {
            "content": {
              "subject": {
                "content": [
                  {
                    "index": 3,
                    "text": "the"
                  },
                  {
                    "index": 4,
                    "text": "fossils"
                  }
                ],
                "isOptional": false,
                "pronoun": []
              },
              "predicate": {
                "content": [
                  {
                    "index": 7,
                    "text": "represent"
                  }
                ],
                "isOptional": false,
                "pronoun": []
              },
              "object": {
                "content": [
                  {
                    "index": 8,
                    "text": "ctenophhores"
                  }
                ],
                "isOptional": false,
                "pronoun": []
              }
            },
            "isOptional": false,
            "pronoun": []
          },
          "predicate": {
            "content": [
              {
                "index": 2,
                "text": "are"
              },
              {
                "index": 5,
                "text": "found"
              }
            ],
            "isOptional": false,
            "pronoun": []
          },
          "object": {
            "content": "",
            "isOptional": false,
            "pronoun": []
          }
        },
        "isOptional": false,
        "pronoun": []
      },
      "predicate": {
        "content": [
          {
            "index": -1,
            "text": "CONSTRAIN"
          }
        ],
        "isOptional": false,
        "pronoun": []
      },
      "object": {
        "content": [
          {
            "index": 0,
            "text": "how"
          },
          {
            "index": 1,
            "text": "old"
          }
        ],
        "isOptional": false,
        "pronoun": []
      }
    }
  ]
}