{
  "sentence": "What does the owner produce to show how to attain the goals ?",
  "structure": [
    [
      "object",
      "subject",
      "verb",
      {
        "clauseType": "adverbial",
        "clauseStructure": [
          "verb",
          "adverbial"
        ]
      }
    ]
  ],
  "relations": [
    {
      "subject": {
        "content": [
          {
            "index": 2,
            "text": "the"
          },
          {
            "index": 3,
            "text": "owner"
          }
        ],
        "isOptional": false,
        "pronoun": []
      },
      "predicate": {
        "content": [
          {
            "index": 4,
            "text": "produce"
          }
        ],
        "isOptional": false,
        "pronoun": []
      },
      "object": {
        "content": {
          "subject": {
            "content": [
              {
                "index": 0,
                "text": "what"
              }
            ],
            "isOptional": false,
            "pronoun": []
          },
          "predicate": {
            "content": [
              {
                "index": 5,
                "text": "to"
              },
              {
                "index": 6,
                "text": "show"
              }
            ],
            "isOptional": false,
            "pronoun": []
          },
          "object": {
            "content": {
              "subject": {
                "content": [
                  {
                    "index": 7,
                    "text": "how"
                  }
                ],
                "isOptional": false,
                "pronoun": []
              },
              "predicate": {
                "content": [
                  {
                    "index": 8,
                    "text": "to"
                  },
                  {
                    "index": 9,
                    "text": "attain"
                  }
                ],
                "isOptional": false,
                "pronoun": []
              },
              "object": {
                "content": [
                  {
                    "index": 10,
                    "text": "the"
                  },
                  {
                    "index": 11,
                    "text": "goals"
                  }
                ],
                "isOptional": false,
                "pronoun": []
              }
            },
            "isOptional": false,
            "pronoun": []
          }
        },
        "isOptional": false,
        "pronoun": []
      }
    }
  ]
}