{
  "sentence": "Where do ctenophora live ?",
  "structure": [
    [
      "adverbial",
      "subject",
      "verb"
    ]
  ],
  "relations": [
    {
      "subject": {
        "content": [
          {
            "index": 2,
            "text": "ctenophora"
          }
        ],
        "isOptional": false,
        "pronoun": []
      },
      "predicate": {
        "content": [
          {
            "index": 3,
            "text": "live"
          }
        ],
        "isOptional": false,
        "pronoun": []
      },
      "object": {
        "content": [
          {
            "index": 0,
            "text": "where"
          }
        ],
        "isOptional": false,
        "pronoun": []
      }
    }
  ]
}