{
  "sentence": "What is one reason a labour problem happens and can't be funded ?",
  "structure": [
    [
      "object",
      "verb",
      {
        "clauseType": "subject",
        "clauseStructure": [
          "subject",
          "verb",
          "verb"
        ]
      }
    ]
  ],
  "relations": [
    {
      "subject": {
        "content": {
          "subject": {
            "content": [
              {
                "index": 2,
                "text": "one"
              },
              {
                "index": 3,
                "text": "reason"
              }
            ],
            "isOptional": false,
            "pronoun": []
          },
          "predicate": {
            "content": [
              {
                "index": -1,
                "text": "CONSTRAIN"
              }
            ],
            "isOptional": false,
            "pronoun": []
          },
          "object": {
            "content": {
              "subject": {
                "content": [
                  {
                    "index": 4,
                    "text": "a"
                  },
                  {
                    "index": 5,
                    "text": "labour"
                  },
                  {
                    "index": 6,
                    "text": "problem"
                  }
                ],
                "isOptional": false,
                "pronoun": []
              },
              "predicate": {
                "content": {
                  "subject": {
                    "content": [
                      {
                        "index": 7,
                        "text": "happens"
                      }
                    ],
                    "isOptional": false,
                    "pronoun": []
                  },
                  "predicate": {
                    "content": [
                      {
                        "index": -1,
                        "text": "AND"
                      }
                    ],
                    "isOptional": false,
                    "pronoun": []
                  },
                  "object": {
                    "content": [
                      {
                        "index": 9,
                        "text": "can't"
                      },
                      {
                        "index": 10,
                        "text": "be"
                      },
                      {
                        "index": 11,
                        "text": "funded"
                      }
                    ],
                    "isOptional": false,
                    "pronoun": []
                  }
                },
                "isOptional": false,
                "pronoun": []
              },
              "object": {
                "content": "",
                "isOptional": false,
                "pronoun": []
              }
            },
            "isOptional": false,
            "pronoun": []
          }
        },
        "isOptional": false,
        "pronoun": []
      },
      "predicate": {
        "content": [
          {
            "index": 1,
            "text": "is"
          }
        ],
        "isOptional": false,
        "pronoun": []
      },
      "object": {
        "content": [
          {
            "index": 0,
            "text": "what"
          }
        ],
        "isOptional": false,
        "pronoun": []
      }
    }
  ]
}