{
  "sentence": "Complexity theory classifies problems based on what primary attribute ?",
  "structure": [
    [
      "subject",
      "verb",
      "object",
      "adverbial"
    ]
  ],
  "relations": [
    {
      "subject": {
        "content": {
          "subject": {
            "content": [
              {
                "index": 0,
                "text": "complexity"
              },
              {
                "index": 1,
                "text": "theory"
              }
            ],
            "isOptional": false,
            "pronoun": []
          },
          "predicate": {
            "content": [
              {
                "index": 2,
                "text": "classifies"
              }
            ],
            "isOptional": false,
            "pronoun": []
          },
          "object": {
            "content": [
              {
                "index": 3,
                "text": "problems"
              }
            ],
            "isOptional": false,
            "pronoun": []
          }
        },
        "isOptional": false,
        "pronoun": []
      },
      "predicate": {
        "content": [
          {
            "index": 4,
            "text": "based"
          },
          {
            "index": 5,
            "text": "on"
          }
        ],
        "isOptional": false,
        "pronoun": []
      },
      "object": {
        "content": [
          {
            "index": 6,
            "text": "what"
          },
          {
            "index": 7,
            "text": "primary"
          },
          {
            "index": 8,
            "text": "attribute"
          }
        ],
        "isOptional": false,
        "pronoun": []
      }
    }
  ]
}