{
  "sentence": "A small fraction of the cold water flow from Lake Constance goes to what other lake ?",
  "structure": [
    [
      {
        "clauseType": "subject",
        "clauseStructure": [
          "subject",
          "verb",
          "adverbial"
        ]
      },
      "verb",
      "adverbial"
    ]
  ],
  "relations": [
    {
      "subject": {
        "content": {
          "subject": {
            "content": {
              "subject": {
                "content": [
                  {
                    "index": 0,
                    "text": "a"
                  },
                  {
                    "index": 1,
                    "text": "small"
                  },
                  {
                    "index": 2,
                    "text": "fraction"
                  }
                ],
                "isOptional": false,
                "pronoun": []
              },
              "predicate": {
                "content": [
                  {
                    "index": 3,
                    "text": "of"
                  }
                ],
                "isOptional": false,
                "pronoun": []
              },
              "object": {
                "content": [
                  {
                    "index": 4,
                    "text": "the"
                  },
                  {
                    "index": 5,
                    "text": "cold"
                  },
                  {
                    "index": 6,
                    "text": "water"
                  }
                ],
                "isOptional": false,
                "pronoun": []
              }
            },
            "isOptional": false,
            "pronoun": []
          },
          "predicate": {
            "content": [
              {
                "index": 7,
                "text": "flow"
              },
              {
                "index": 8,
                "text": "from"
              }
            ],
            "isOptional": false,
            "pronoun": []
          },
          "object": {
            "content": [
              {
                "index": 9,
                "text": "Lake"
              },
              {
                "index": 10,
                "text": "Constance"
              }
            ],
            "isOptional": false,
            "pronoun": []
          }
        },
        "isOptional": false,
        "pronoun": []
      },
      "predicate": {
        "content": [
          {
            "index": 11,
            "text": "goes"
          },
          {
            "index": 12,
            "text": "to"
          }
        ],
        "isOptional": false,
        "pronoun": []
      },
      "object": {
        "content": [
          {
            "index": 13,
            "text": "what"
          },
          {
            "index": 14,
            "text": "other"
          },
          {
            "index": 15,
            "text": "lake"
          }
        ],
        "isOptional": false,
        "pronoun": []
      }
    }
  ]
}