{
  "sentence": "Where might the doctor's self-interest be equivalent with the patient's self-interest ?",
  "structure": [
    [
      "adverbial",
      "subject",
      "verb",
      "adverbial"
    ]
  ],
  "relations": [
    {
      "subject": {
        "content": {
          "subject": {
            "content": {
              "subject": {
                "content": [
                  {
                    "index": 2,
                    "text": "the"
                  },
                  {
                    "index": 3,
                    "text": "doctor"
                  }
                ],
                "isOptional": false,
                "pronoun": []
              },
              "predicate": {
                "content": [
                  {
                    "index": 4,
                    "text": "'s"
                  }
                ],
                "isOptional": false,
                "pronoun": []
              },
              "object": {
                "content": [
                  {
                    "index": 5,
                    "text": "self-interest"
                  }
                ],
                "isOptional": false,
                "pronoun": []
              }
            },
            "isOptional": false,
            "pronoun": []
          },
          "predicate": {
            "content": [
              {
                "index": 1,
                "text": "might"
              },
              {
                "index": 6,
                "text": "be"
              },
              {
                "index": 7,
                "text": "equivalent"
              },
              {
                "index": 8,
                "text": "with"
              }
            ],
            "isOptional": false,
            "pronoun": []
          },
          "object": {
            "content": {
              "subject": {
                "content": [
                  {
                    "index": 9,
                    "text": "the"
                  },
                  {
                    "index": 10,
                    "text": "patient"
                  }
                ],
                "isOptional": false,
                "pronoun": []
              },
              "predicate": {
                "content": [
                  {
                    "index": 11,
                    "text": "'s"
                  }
                ],
                "isOptional": false,
                "pronoun": []
              },
              "object": {
                "content": [
                  {
                    "index": 12,
                    "text": "self-interest"
                  }
                ],
                "isOptional": false,
                "pronoun": []
              }
            },
            "isOptional": false,
            "pronoun": []
          }
        },
        "isOptional": false,
        "pronoun": []
      },
      "predicate": {
        "content": [
          {
            "index": -1,
            "text": "CONSTRAIN"
          }
        ],
        "isOptional": false,
        "pronoun": []
      },
      "object": {
        "content": [
          {
            "index": 0,
            "text": "where"
          }
        ],
        "isOptional": false,
        "pronoun": []
      }
    }
  ]
}