{
  "sentence": "Which theorem would be invalid if the number 15 were considered prime ?",
  "structure": [
    [
      "subject",
      "verb",
      "complement"
    ],
    [
      "subject",
      "verb",
      "object"
    ]
  ],
  "relations": [
    {
      "subject": {
        "content": {
          "subject": {
            "content": [
              {
                "index": 0,
                "text": "which"
              },
              {
                "index": 1,
                "text": "theorem"
              }
            ],
            "isOptional": false,
            "pronoun": []
          },
          "predicate": {
            "content": [
              {
                "index": 2,
                "text": "would"
              },
              {
                "index": 3,
                "text": "be"
              }
            ],
            "isOptional": false,
            "pronoun": []
          },
          "object": {
            "content": [
              {
                "index": 4,
                "text": "invalid"
              }
            ],
            "isOptional": false,
            "pronoun": []
          }
        },
        "isOptional": false,
        "pronoun": []
      },
      "predicate": {
        "content": [
          {
            "index": 5,
            "text": "if"
          }
        ],
        "isOptional": false,
        "pronoun": []
      },
      "object": {
        "content": {
          "subject": {
            "content": {
              "subject": {
                "content": [
                  {
                    "index": 6,
                    "text": "the"
                  },
                  {
                    "index": 7,
                    "text": "number"
                  }
                ],
                "isOptional": false,
                "pronoun": []
              },
              "predicate": {
                "content": [
                  {
                    "index": -1,
                    "text": "BE"
                  }
                ],
                "isOptional": false,
                "pronoun": []
              },
              "object": {
                "content": [
                  {
                    "index": 8,
                    "text": "15"
                  }
                ],
                "isOptional": false,
                "pronoun": []
              }
            },
            "isOptional": false,
            "pronoun": []
          },
          "predicate": {
            "content": [
              {
                "index": 9,
                "text": "were"
              },
              {
                "index": 10,
                "text": "considered"
              }
            ],
            "isOptional": false,
            "pronoun": []
          },
          "object": {
            "content": [
              {
                "index": 11,
                "text": "prime"
              }
            ],
            "isOptional": false,
            "pronoun": []
          }
        },
        "isOptional": false,
        "pronoun": []
      }
    }
  ]
}