{
  "sentence": "Which is older the British Empire or the Ethiopian Empire ?",
  "structure": [
    [
      "subject",
      "verb",
      "complement"
    ]
  ],
  "relations": [
    {
      "subject": {
        "content": {
          "subject": {
            "content": [
              {
                "index": 0,
                "text": "which"
              }
            ],
            "isOptional": false,
            "pronoun": []
          },
          "predicate": {
            "content": [
              {
                "index": -1,
                "text": "BE"
              }
            ],
            "isOptional": false,
            "pronoun": []
          },
          "object": {
            "content": {
              "subject": {
                "content": [
                  {
                    "index": 3,
                    "text": "the"
                  },
                  {
                    "index": 4,
                    "text": "British"
                  },
                  {
                    "index": 5,
                    "text": "Empire"
                  }
                ],
                "isOptional": false,
                "pronoun": []
              },
              "predicate": {
                "content": [
                  {
                    "index": -1,
                    "text": "OR"
                  }
                ],
                "isOptional": false,
                "pronoun": []
              },
              "object": {
                "content": [
                  {
                    "index": 7,
                    "text": "the"
                  },
                  {
                    "index": 8,
                    "text": "Ethiopian"
                  },
                  {
                    "index": 9,
                    "text": "Empire"
                  }
                ],
                "isOptional": false,
                "pronoun": []
              }
            },
            "isOptional": false,
            "pronoun": []
          }
        },
        "isOptional": false,
        "pronoun": []
      },
      "predicate": {
        "content": [
          {
            "index": 1,
            "text": "is"
          }
        ],
        "isOptional": false,
        "pronoun": []
      },
      "object": {
        "content": [
          {
            "index": 2,
            "text": "older"
          }
        ],
        "isOptional": false,
        "pronoun": []
      }
    }
  ]
}