{
  "sentence": "What can not be mostly predicted beforehand ?",
  "structure": [
    [
      "subject",
      "verb",
      "adverbial"
    ]
  ],
  "relations": [
    {
      "subject": {
        "content": [
          {
            "index": 0,
            "text": "what"
          }
        ],
        "isOptional": false,
        "pronoun": []
      },
      "predicate": {
        "content": [
          {
            "index": 1,
            "text": "can"
          },
          {
            "index": 2,
            "text": "not"
          },
          {
            "index": 3,
            "text": "be"
          },
          {
            "index": 4,
            "text": "mostly"
          },
          {
            "index": 5,
            "text": "predicted"
          },
          {
            "index": 6,
            "text": "beforehand"
          }
        ],
        "isOptional": false,
        "pronoun": []
      },
      "object": {
        "content": "",
        "isOptional": false,
        "pronoun": []
      }
    }
  ]
}