{
  "sentence": "How many main interactions are not know ?",
  "structure": [
    [
      "subject",
      "verb"
    ]
  ],
  "relations": [
    {
      "subject": {
        "content": {
          "subject": {
            "content": [
              {
                "index": 0,
                "text": "how"
              },
              {
                "index": 1,
                "text": "many"
              }
            ],
            "isOptional": false,
            "pronoun": []
          },
          "predicate": {
            "content": [
              {
                "index": -1,
                "text": "CONSTRAIN"
              }
            ],
            "isOptional": false,
            "pronoun": []
          },
          "object": {
            "content": [
              {
                "index": 2,
                "text": "main"
              },
              {
                "index": 3,
                "text": "interactions"
              }
            ],
            "isOptional": false,
            "pronoun": []
          }
        },
        "isOptional": false,
        "pronoun": []
      },
      "predicate": {
        "content": [
          {
            "index": 4,
            "text": "are"
          },
          {
            "index": 5,
            "text": "not"
          },
          {
            "index": 6,
            "text": "know"
          }
        ],
        "isOptional": false,
        "pronoun": []
      },
      "object": {
        "content": "",
        "isOptional": false,
        "pronoun": []
      }
    }
  ]
}