{
  "sentence": "Since Thoreau was not a well known writer what happened when he was arrested ?",
  "structure": [
    [
      {
        "clauseType": "adverbial",
        "clauseStructure": [
          "subject",
          "verb",
          "object"
        ]
      },
      "subject",
      "verb",
      {
        "clauseType": "adverbial",
        "clauseStructure": [
          "subject",
          "verb"
        ]
      }
    ]
  ],
  "relations": [
    {
      "subject": {
        "content": {
          "subject": {
            "content": {
              "subject": {
                "content": [
                  {
                    "index": 8,
                    "text": "what"
                  }
                ],
                "isOptional": false,
                "pronoun": []
              },
              "predicate": {
                "content": [
                  {
                    "index": 9,
                    "text": "happened"
                  }
                ],
                "isOptional": false,
                "pronoun": []
              },
              "object": {
                "content": "",
                "isOptional": false,
                "pronoun": []
              }
            },
            "isOptional": false,
            "pronoun": []
          },
          "predicate": {
            "content": [
              {
                "index": 10,
                "text": "when"
              }
            ],
            "isOptional": false,
            "pronoun": []
          },
          "object": {
            "content": {
              "subject": {
                "content": [
                  {
                    "index": 11,
                    "text": "he"
                  }
                ],
                "isOptional": false,
                "pronoun": []
              },
              "predicate": {
                "content": [
                  {
                    "index": 12,
                    "text": "was"
                  },
                  {
                    "index": 13,
                    "text": "arrested"
                  }
                ],
                "isOptional": false,
                "pronoun": []
              },
              "object": {
                "content": "",
                "isOptional": false,
                "pronoun": []
              }
            },
            "isOptional": false,
            "pronoun": []
          }
        },
        "isOptional": false,
        "pronoun": []
      },
      "predicate": {
        "content": [
          {
            "index": 0,
            "text": "since"
          }
        ],
        "isOptional": false,
        "pronoun": []
      },
      "object": {
        "content": {
          "subject": {
            "content": [
              {
                "index": 1,
                "text": "Thoreau"
              }
            ],
            "isOptional": false,
            "pronoun": []
          },
          "predicate": {
            "content": [
              {
                "index": 2,
                "text": "was"
              },
              {
                "index": 3,
                "text": "not"
              }
            ],
            "isOptional": false,
            "pronoun": []
          },
          "object": {
            "content": [
              {
                "index": 4,
                "text": "a"
              },
              {
                "index": 5,
                "text": "well"
              },
              {
                "index": 6,
                "text": "known"
              },
              {
                "index": 7,
                "text": "writer"
              }
            ],
            "isOptional": false,
            "pronoun": []
          }
        },
        "isOptional": false,
        "pronoun": []
      }
    }
  ]
}