{
  "sentence": "What monarchy did western troops protect ?",
  "structure": [
    [
      "object",
      "subject",
      "verb"
    ]
  ],
  "relations": [
    {
      "subject": {
        "content": [
          {
            "index": 3,
            "text": "western"
          },
          {
            "index": 4,
            "text": "troops"
          }
        ],
        "isOptional": false,
        "pronoun": []
      },
      "predicate": {
        "content": [
          {
            "index": 5,
            "text": "protect"
          }
        ],
        "isOptional": false,
        "pronoun": []
      },
      "object": {
        "content": [
          {
            "index": 0,
            "text": "what"
          },
          {
            "index": 1,
            "text": "monarchy"
          }
        ],
        "isOptional": false,
        "pronoun": []
      }
    }
  ]
}