{
  "sentence": "Why did Toghun Temur dismiss Toghtogha ?",
  "structure": [
    [
      "adverbial",
      "subject",
      "verb",
      "object"
    ]
  ],
  "relations": [
    {
      "subject": {
        "content": {
          "subject": {
            "content": [
              {
                "index": 2,
                "text": "Toghun"
              },
              {
                "index": 3,
                "text": "Temur"
              }
            ],
            "isOptional": false,
            "pronoun": []
          },
          "predicate": {
            "content": [
              {
                "index": 4,
                "text": "dismiss"
              }
            ],
            "isOptional": false,
            "pronoun": []
          },
          "object": {
            "content": [
              {
                "index": 5,
                "text": "Toghtogha"
              }
            ],
            "isOptional": false,
            "pronoun": []
          }
        },
        "isOptional": false,
        "pronoun": []
      },
      "predicate": {
        "content": [
          {
            "index": -1,
            "text": "CONSTRAIN"
          }
        ],
        "isOptional": false,
        "pronoun": []
      },
      "object": {
        "content": [
          {
            "index": 0,
            "text": "why"
          }
        ],
        "isOptional": false,
        "pronoun": []
      }
    }
  ]
}