{
  "sentence": "How do the yes/no answers of a complement problem of NP appear ?",
  "structure": [
    [
      "adverbial",
      "subject",
      "verb"
    ]
  ],
  "relations": [
    {
      "subject": {
        "content": {
          "subject": {
            "content": {
              "subject": {
                "content": {
                  "subject": {
                    "content": [
                      {
                        "index": 2,
                        "text": "the"
                      },
                      {
                        "index": 6,
                        "text": "answers"
                      }
                    ],
                    "isOptional": false,
                    "pronoun": []
                  },
                  "predicate": {
                    "content": [
                      {
                        "index": -1,
                        "text": "BE"
                      }
                    ],
                    "isOptional": false,
                    "pronoun": []
                  },
                  "object": {
                    "content": {
                      "subject": {
                        "content": [
                          {
                            "index": 3,
                            "text": "yes"
                          }
                        ],
                        "isOptional": false,
                        "pronoun": []
                      },
                      "predicate": {
                        "content": [
                          {
                            "index": 4,
                            "text": "/"
                          }
                        ],
                        "isOptional": false,
                        "pronoun": []
                      },
                      "object": {
                        "content": [
                          {
                            "index": 5,
                            "text": "no"
                          }
                        ],
                        "isOptional": false,
                        "pronoun": []
                      }
                    },
                    "isOptional": false,
                    "pronoun": []
                  }
                },
                "isOptional": false,
                "pronoun": []
              },
              "predicate": {
                "content": [
                  {
                    "index": 7,
                    "text": "of"
                  }
                ],
                "isOptional": false,
                "pronoun": []
              },
              "object": {
                "content": {
                  "subject": {
                    "content": [
                      {
                        "index": 8,
                        "text": "a"
                      },
                      {
                        "index": 9,
                        "text": "complement"
                      },
                      {
                        "index": 10,
                        "text": "problem"
                      }
                    ],
                    "isOptional": false,
                    "pronoun": []
                  },
                  "predicate": {
                    "content": [
                      {
                        "index": 11,
                        "text": "of"
                      }
                    ],
                    "isOptional": false,
                    "pronoun": []
                  },
                  "object": {
                    "content": [
                      {
                        "index": 12,
                        "text": "NP"
                      }
                    ],
                    "isOptional": false,
                    "pronoun": []
                  }
                },
                "isOptional": false,
                "pronoun": []
              }
            },
            "isOptional": false,
            "pronoun": []
          },
          "predicate": {
            "content": [
              {
                "index": 13,
                "text": "appear"
              }
            ],
            "isOptional": false,
            "pronoun": []
          },
          "object": {
            "content": "",
            "isOptional": false,
            "pronoun": []
          }
        },
        "isOptional": false,
        "pronoun": []
      },
      "predicate": {
        "content": [
          {
            "index": -1,
            "text": "CONSTRAIN"
          }
        ],
        "isOptional": false,
        "pronoun": []
      },
      "object": {
        "content": [
          {
            "index": 0,
            "text": "how"
          }
        ],
        "isOptional": false,
        "pronoun": []
      }
    }
  ]
}