{
  "sentence": "What is the typical working fluid in a steam engine ?",
  "structure": [
    [
      "subject",
      "verb",
      "object",
      "adverbial"
    ]
  ],
  "relations": [
    {
      "subject": {
        "content": [
          {
            "index": 0,
            "text": "what"
          }
        ],
        "isOptional": false,
        "pronoun": []
      },
      "predicate": {
        "content": [
          {
            "index": 1,
            "text": "is"
          }
        ],
        "isOptional": false,
        "pronoun": []
      },
      "object": {
        "content": {
          "subject": {
            "content": [
              {
                "index": 2,
                "text": "the"
              },
              {
                "index": 3,
                "text": "typical"
              },
              {
                "index": 4,
                "text": "working"
              },
              {
                "index": 5,
                "text": "fluid"
              }
            ],
            "isOptional": false,
            "pronoun": []
          },
          "predicate": {
            "content": [
              {
                "index": 6,
                "text": "in"
              }
            ],
            "isOptional": false,
            "pronoun": []
          },
          "object": {
            "content": [
              {
                "index": 7,
                "text": "a"
              },
              {
                "index": 8,
                "text": "steam"
              },
              {
                "index": 9,
                "text": "engine"
              }
            ],
            "isOptional": false,
            "pronoun": []
          }
        },
        "isOptional": false,
        "pronoun": []
      }
    }
  ]
}