{
  "sentence": "At what age do immune responses typically begin to decline ?",
  "structure": [
    [
      "adverbial",
      "subject",
      "verb",
      "adverbial"
    ]
  ],
  "relations": [
    {
      "subject": {
        "content": [
          {
            "index": 4,
            "text": "immune"
          },
          {
            "index": 5,
            "text": "responses"
          }
        ],
        "isOptional": false,
        "pronoun": []
      },
      "predicate": {
        "content": {
          "subject": {
            "content": [
              {
                "index": 6,
                "text": "typically"
              },
              {
                "index": 7,
                "text": "begin"
              }
            ],
            "isOptional": false,
            "pronoun": []
          },
          "predicate": {
            "content": [
              {
                "index": 8,
                "text": "to"
              }
            ],
            "isOptional": false,
            "pronoun": []
          },
          "object": {
            "content": [
              {
                "index": 0,
                "text": "at"
              },
              {
                "index": 9,
                "text": "decline"
              }
            ],
            "isOptional": false,
            "pronoun": []
          }
        },
        "isOptional": false,
        "pronoun": []
      },
      "object": {
        "content": [
          {
            "index": 1,
            "text": "what"
          },
          {
            "index": 2,
            "text": "age"
          }
        ],
        "isOptional": false,
        "pronoun": []
      }
    }
  ]
}