{
  "sentence": "Complement proteins bind to what kind of molecules on the surface of microbes in order to elicit an immune response ?",
  "structure": [
    [
      "subject",
      "verb",
      "adverbial",
      "adverbial",
      {
        "clauseType": "adverbial",
        "clauseStructure": [
          "verb",
          "object"
        ]
      }
    ]
  ],
  "relations": [
    {
      "subject": {
        "content": {
          "subject": {
            "content": [
              {
                "index": 0,
                "text": "complement"
              },
              {
                "index": 1,
                "text": "proteins"
              }
            ],
            "isOptional": false,
            "pronoun": []
          },
          "predicate": {
            "content": [
              {
                "index": 2,
                "text": "bind"
              },
              {
                "index": 3,
                "text": "to"
              }
            ],
            "isOptional": false,
            "pronoun": []
          },
          "object": {
            "content": {
              "subject": {
                "content": {
                  "subject": {
                    "content": [
                      {
                        "index": 4,
                        "text": "what"
                      },
                      {
                        "index": 5,
                        "text": "kind"
                      }
                    ],
                    "isOptional": false,
                    "pronoun": []
                  },
                  "predicate": {
                    "content": [
                      {
                        "index": 6,
                        "text": "of"
                      }
                    ],
                    "isOptional": false,
                    "pronoun": []
                  },
                  "object": {
                    "content": [
                      {
                        "index": 7,
                        "text": "molecules"
                      }
                    ],
                    "isOptional": false,
                    "pronoun": []
                  }
                },
                "isOptional": false,
                "pronoun": []
              },
              "predicate": {
                "content": [
                  {
                    "index": 8,
                    "text": "on"
                  }
                ],
                "isOptional": false,
                "pronoun": []
              },
              "object": {
                "content": {
                  "subject": {
                    "content": [
                      {
                        "index": 9,
                        "text": "the"
                      },
                      {
                        "index": 10,
                        "text": "surface"
                      }
                    ],
                    "isOptional": false,
                    "pronoun": []
                  },
                  "predicate": {
                    "content": [
                      {
                        "index": 11,
                        "text": "of"
                      }
                    ],
                    "isOptional": false,
                    "pronoun": []
                  },
                  "object": {
                    "content": [
                      {
                        "index": 12,
                        "text": "microbes"
                      }
                    ],
                    "isOptional": false,
                    "pronoun": []
                  }
                },
                "isOptional": false,
                "pronoun": []
              }
            },
            "isOptional": false,
            "pronoun": []
          }
        },
        "isOptional": false,
        "pronoun": []
      },
      "predicate": {
        "content": [
          {
            "index": 13,
            "text": "in"
          },
          {
            "index": 14,
            "text": "order"
          },
          {
            "index": 15,
            "text": "to"
          },
          {
            "index": 16,
            "text": "elicit"
          }
        ],
        "isOptional": false,
        "pronoun": []
      },
      "object": {
        "content": [
          {
            "index": 17,
            "text": "an"
          },
          {
            "index": 18,
            "text": "immune"
          },
          {
            "index": 19,
            "text": "response"
          }
        ],
        "isOptional": false,
        "pronoun": []
      }
    }
  ]
}