{
  "sentence": "What kind of Sunni muslim monarchy is is Iran lead by ?",
  "structure": [
    [
      "adverbial",
      "subject",
      "verb"
    ]
  ],
  "relations": [
    {
      "subject": {
        "content": [
          {
            "index": 8,
            "text": "Iran"
          }
        ],
        "isOptional": false,
        "pronoun": []
      },
      "predicate": {
        "content": [
          {
            "index": 7,
            "text": "is"
          },
          {
            "index": 9,
            "text": "lead"
          },
          {
            "index": 10,
            "text": "by"
          }
        ],
        "isOptional": false,
        "pronoun": []
      },
      "object": {
        "content": {
          "subject": {
            "content": [
              {
                "index": 0,
                "text": "what"
              },
              {
                "index": 1,
                "text": "kind"
              }
            ],
            "isOptional": false,
            "pronoun": []
          },
          "predicate": {
            "content": [
              {
                "index": 2,
                "text": "of"
              }
            ],
            "isOptional": false,
            "pronoun": []
          },
          "object": {
            "content": [
              {
                "index": 3,
                "text": "Sunni"
              },
              {
                "index": 4,
                "text": "muslim"
              },
              {
                "index": 5,
                "text": "monarchy"
              }
            ],
            "isOptional": false,
            "pronoun": []
          }
        },
        "isOptional": false,
        "pronoun": []
      }
    }
  ]
}