{
  "sentence": "How was the civil disobedience shown in Antigone ?",
  "structure": [
    [
      "adverbial",
      "subject",
      "verb",
      "adverbial"
    ]
  ],
  "relations": [
    {
      "subject": {
        "content": {
          "subject": {
            "content": [
              {
                "index": 2,
                "text": "the"
              },
              {
                "index": 3,
                "text": "civil"
              },
              {
                "index": 4,
                "text": "disobedience"
              }
            ],
            "isOptional": false,
            "pronoun": []
          },
          "predicate": {
            "content": [
              {
                "index": 1,
                "text": "was"
              },
              {
                "index": 5,
                "text": "shown"
              },
              {
                "index": 6,
                "text": "in"
              }
            ],
            "isOptional": false,
            "pronoun": []
          },
          "object": {
            "content": [
              {
                "index": 7,
                "text": "Antigone"
              }
            ],
            "isOptional": false,
            "pronoun": []
          }
        },
        "isOptional": false,
        "pronoun": []
      },
      "predicate": {
        "content": [
          {
            "index": -1,
            "text": "CONSTRAIN"
          }
        ],
        "isOptional": false,
        "pronoun": []
      },
      "object": {
        "content": [
          {
            "index": 0,
            "text": "how"
          }
        ],
        "isOptional": false,
        "pronoun": []
      }
    }
  ]
}