{
  "sentence": "What profession doesn't Simon Kuznets have ?",
  "structure": [
    [
      "object",
      "subject",
      "verb"
    ]
  ],
  "relations": [
    {
      "subject": {
        "content": [
          {
            "index": 3,
            "text": "Simon"
          },
          {
            "index": 4,
            "text": "Kuznets"
          }
        ],
        "isOptional": false,
        "pronoun": []
      },
      "predicate": {
        "content": [
          {
            "index": 2,
            "text": "doesn't"
          },
          {
            "index": 5,
            "text": "have"
          }
        ],
        "isOptional": false,
        "pronoun": []
      },
      "object": {
        "content": [
          {
            "index": 0,
            "text": "what"
          },
          {
            "index": 1,
            "text": "profession"
          }
        ],
        "isOptional": false,
        "pronoun": []
      }
    }
  ]
}