{
  "sentence": "What Mongolian system did Kublai's government compromise with ?",
  "structure": [
    [
      "adverbial",
      "subject",
      "verb"
    ]
  ],
  "relations": [
    {
      "subject": {
        "content": {
          "subject": {
            "content": [
              {
                "index": 4,
                "text": "Kublai"
              }
            ],
            "isOptional": false,
            "pronoun": []
          },
          "predicate": {
            "content": [
              {
                "index": 5,
                "text": "'s"
              }
            ],
            "isOptional": false,
            "pronoun": []
          },
          "object": {
            "content": [
              {
                "index": 6,
                "text": "government"
              }
            ],
            "isOptional": false,
            "pronoun": []
          }
        },
        "isOptional": false,
        "pronoun": []
      },
      "predicate": {
        "content": [
          {
            "index": 7,
            "text": "compromise"
          },
          {
            "index": 8,
            "text": "with"
          }
        ],
        "isOptional": false,
        "pronoun": []
      },
      "object": {
        "content": [
          {
            "index": 0,
            "text": "what"
          },
          {
            "index": 1,
            "text": "Mongolian"
          },
          {
            "index": 2,
            "text": "system"
          }
        ],
        "isOptional": false,
        "pronoun": []
      }
    }
  ]
}