{
  "sentence": "How long does the Members Debate last ?",
  "structure": [
    [
      "adverbial",
      "subject",
      "verb"
    ]
  ],
  "relations": [
    {
      "subject": {
        "content": [
          {
            "index": 3,
            "text": "the"
          },
          {
            "index": 4,
            "text": "Members"
          },
          {
            "index": 5,
            "text": "Debate"
          }
        ],
        "isOptional": false,
        "pronoun": []
      },
      "predicate": {
        "content": [
          {
            "index": 6,
            "text": "last"
          }
        ],
        "isOptional": false,
        "pronoun": []
      },
      "object": {
        "content": [
          {
            "index": 0,
            "text": "how"
          },
          {
            "index": 1,
            "text": "long"
          }
        ],
        "isOptional": false,
        "pronoun": []
      }
    }
  ]
}