{
  "sentence": "which league is the 121th season of top-tier competitive football in Switzerland which Ulrich Forte coach FC Zürich in the league ",
  "structure": [
    [
      "subject",
      "verb",
      "object",
      "adverbial",
      {
        "clauseType": "complement",
        "clauseStructure": [
          "subject",
          "verb",
          "object",
          "adverbial"
        ]
      }
    ]
  ],
  "relations": [
    {
      "subject": {
        "content": {
          "subject": {
            "content": [
              {
                "index": 0,
                "text": "which"
              },
              {
                "index": 1,
                "text": "league"
              }
            ],
            "isOptional": false,
            "pronoun": []
          },
          "predicate": {
            "content": [
              {
                "index": -1,
                "text": "BE"
              }
            ],
            "isOptional": false,
            "pronoun": []
          },
          "object": {
            "content": {
              "subject": {
                "content": [
                  {
                    "index": 13,
                    "text": "Ulrich"
                  },
                  {
                    "index": 14,
                    "text": "Forte"
                  }
                ],
                "isOptional": false,
                "pronoun": []
              },
              "predicate": {
                "content": [
                  {
                    "index": 15,
                    "text": "coach"
                  }
                ],
                "isOptional": false,
                "pronoun": []
              },
              "object": {
                "content": {
                  "subject": {
                    "content": [
                      {
                        "index": 16,
                        "text": "FC"
                      },
                      {
                        "index": 17,
                        "text": "Zürich"
                      }
                    ],
                    "isOptional": false,
                    "pronoun": []
                  },
                  "predicate": {
                    "content": [
                      {
                        "index": 18,
                        "text": "in"
                      }
                    ],
                    "isOptional": false,
                    "pronoun": []
                  },
                  "object": {
                    "content": [
                      {
                        "index": 19,
                        "text": "the"
                      },
                      {
                        "index": 20,
                        "text": "league"
                      }
                    ],
                    "isOptional": false,
                    "pronoun": []
                  }
                },
                "isOptional": false,
                "pronoun": []
              }
            },
            "isOptional": false,
            "pronoun": []
          }
        },
        "isOptional": false,
        "pronoun": []
      },
      "predicate": {
        "content": [
          {
            "index": 2,
            "text": "is"
          }
        ],
        "isOptional": false,
        "pronoun": []
      },
      "object": {
        "content": {
          "subject": {
            "content": {
              "subject": {
                "content": [
                  {
                    "index": 3,
                    "text": "the"
                  },
                  {
                    "index": 4,
                    "text": "121th"
                  },
                  {
                    "index": 5,
                    "text": "season"
                  }
                ],
                "isOptional": false,
                "pronoun": []
              },
              "predicate": {
                "content": [
                  {
                    "index": 6,
                    "text": "of"
                  }
                ],
                "isOptional": false,
                "pronoun": []
              },
              "object": {
                "content": [
                  {
                    "index": 7,
                    "text": "top-tier"
                  },
                  {
                    "index": 8,
                    "text": "competitive"
                  },
                  {
                    "index": 9,
                    "text": "football"
                  }
                ],
                "isOptional": false,
                "pronoun": []
              }
            },
            "isOptional": false,
            "pronoun": []
          },
          "predicate": {
            "content": [
              {
                "index": 10,
                "text": "in"
              }
            ],
            "isOptional": false,
            "pronoun": []
          },
          "object": {
            "content": [
              {
                "index": 11,
                "text": "Switzerland"
              }
            ],
            "isOptional": false,
            "pronoun": []
          }
        },
        "isOptional": false,
        "pronoun": []
      }
    }
  ]
}