{
  "sentence": "The creator of \"Wallace and Gromit\" also created what animation comedy that matched animated zoo animals with a soundtrack of people talking about their homes ? ",
  "structure": [
    [
      "subject",
      "verb",
      {
        "clauseType": "object",
        "clauseStructure": [
          "subject",
          "verb",
          "object",
          "adverbial",
          "adverbial"
        ]
      }
    ]
  ],
  "relations": [
    {
      "subject": {
        "content": {
          "subject": {
            "content": [
              {
                "index": 0,
                "text": "the"
              },
              {
                "index": 0,
                "text": "The"
              },
              {
                "index": 0,
                "text": "the"
              },
              {
                "index": 1,
                "text": "creator"
              },
              {
                "index": 1,
                "text": "creator"
              },
              {
                "index": 1,
                "text": "creator"
              }
            ],
            "isOptional": false,
            "pronoun": []
          },
          "predicate": {
            "content": [
              {
                "index": 2,
                "text": "of"
              }
            ],
            "isOptional": false,
            "pronoun": []
          },
          "object": {
            "content": [
              {
                "index": 3,
                "text": "Wallace"
              },
              {
                "index": 4,
                "text": "and"
              },
              {
                "index": 5,
                "text": "Gromit"
              }
            ],
            "isOptional": false,
            "pronoun": []
          }
        },
        "isOptional": false,
        "pronoun": []
      },
      "predicate": {
        "content": [
          {
            "index": 6,
            "text": "also"
          },
          {
            "index": 7,
            "text": "created"
          }
        ],
        "isOptional": false,
        "pronoun": []
      },
      "object": {
        "content": {
          "subject": {
            "content": [
              {
                "index": 8,
                "text": "what"
              },
              {
                "index": 9,
                "text": "animation"
              },
              {
                "index": 10,
                "text": "comedy"
              }
            ],
            "isOptional": false,
            "pronoun": []
          },
          "predicate": {
            "content": [
              {
                "index": 12,
                "text": "matched"
              }
            ],
            "isOptional": false,
            "pronoun": []
          },
          "object": {
            "content": {
              "subject": {
                "content": [
                  {
                    "index": 13,
                    "text": "animated"
                  },
                  {
                    "index": 14,
                    "text": "zoo"
                  },
                  {
                    "index": 15,
                    "text": "animals"
                  }
                ],
                "isOptional": false,
                "pronoun": []
              },
              "predicate": {
                "content": [
                  {
                    "index": 16,
                    "text": "with"
                  }
                ],
                "isOptional": false,
                "pronoun": []
              },
              "object": {
                "content": {
                  "subject": {
                    "content": {
                      "subject": {
                        "content": [
                          {
                            "index": 17,
                            "text": "a"
                          },
                          {
                            "index": 18,
                            "text": "soundtrack"
                          }
                        ],
                        "isOptional": false,
                        "pronoun": []
                      },
                      "predicate": {
                        "content": [
                          {
                            "index": 19,
                            "text": "of"
                          }
                        ],
                        "isOptional": false,
                        "pronoun": []
                      },
                      "object": {
                        "content": [
                          {
                            "index": 20,
                            "text": "people"
                          }
                        ],
                        "isOptional": false,
                        "pronoun": []
                      }
                    },
                    "isOptional": false,
                    "pronoun": []
                  },
                  "predicate": {
                    "content": [
                      {
                        "index": 21,
                        "text": "talking"
                      },
                      {
                        "index": 22,
                        "text": "about"
                      }
                    ],
                    "isOptional": false,
                    "pronoun": []
                  },
                  "object": {
                    "content": [
                      {
                        "index": 23,
                        "text": "their"
                      },
                      {
                        "index": 24,
                        "text": "homes"
                      }
                    ],
                    "isOptional": false,
                    "pronoun": []
                  }
                },
                "isOptional": false,
                "pronoun": []
              }
            },
            "isOptional": false,
            "pronoun": []
          }
        },
        "isOptional": false,
        "pronoun": []
      }
    }
  ]
}