{
  "sentence": "Which American music star appeared as a guest in a Will & Grace episode called \"Back Up, Dancer\" ?",
  "structure": [
    [
      "subject",
      "verb",
      "adverbial",
      "adverbial"
    ]
  ],
  "relations": [
    {
      "subject": {
        "content": [
          {
            "index": 0,
            "text": "which"
          },
          {
            "index": 1,
            "text": "American"
          },
          {
            "index": 2,
            "text": "music"
          },
          {
            "index": 3,
            "text": "star"
          }
        ],
        "isOptional": false,
        "pronoun": []
      },
      "predicate": {
        "content": [
          {
            "index": 4,
            "text": "appeared"
          },
          {
            "index": 5,
            "text": "as"
          }
        ],
        "isOptional": false,
        "pronoun": []
      },
      "object": {
        "content": {
          "subject": {
            "content": [
              {
                "index": 6,
                "text": "a"
              },
              {
                "index": 7,
                "text": "guest"
              }
            ],
            "isOptional": false,
            "pronoun": []
          },
          "predicate": {
            "content": [
              {
                "index": 8,
                "text": "in"
              }
            ],
            "isOptional": false,
            "pronoun": []
          },
          "object": {
            "content": {
              "subject": {
                "content": [
                  {
                    "index": 9,
                    "text": "a"
                  },
                  {
                    "index": 10,
                    "text": "Will"
                  },
                  {
                    "index": 11,
                    "text": "&"
                  },
                  {
                    "index": 12,
                    "text": "Grace"
                  },
                  {
                    "index": 13,
                    "text": "episode"
                  }
                ],
                "isOptional": false,
                "pronoun": []
              },
              "predicate": {
                "content": [
                  {
                    "index": 14,
                    "text": "called"
                  }
                ],
                "isOptional": false,
                "pronoun": []
              },
              "object": {
                "content": [
                  {
                    "index": 15,
                    "text": "Back"
                  },
                  {
                    "index": 16,
                    "text": "Up"
                  },
                  {
                    "index": 17,
                    "text": "Dancer"
                  }
                ],
                "isOptional": false,
                "pronoun": []
              }
            },
            "isOptional": false,
            "pronoun": []
          }
        },
        "isOptional": false,
        "pronoun": []
      }
    }
  ]
}