{
  "sentence": "Somebody’s Daughter’s star Max Gail was most widely known for his role in what other television series ?",
  "structure": [
    [
      "subject",
      "verb",
      "adverbial",
      "adverbial"
    ]
  ],
  "relations": [
    {
      "subject": {
        "content": {
          "subject": {
            "content": {
              "subject": {
                "content": [
                  {
                    "index": 0,
                    "text": "Somebody’s"
                  },
                  {
                    "index": 1,
                    "text": "Daughter"
                  }
                ],
                "isOptional": false,
                "pronoun": []
              },
              "predicate": {
                "content": [
                  {
                    "index": 2,
                    "text": "’s"
                  }
                ],
                "isOptional": false,
                "pronoun": []
              },
              "object": {
                "content": [
                  {
                    "index": 3,
                    "text": "star"
                  }
                ],
                "isOptional": false,
                "pronoun": []
              }
            },
            "isOptional": false,
            "pronoun": []
          },
          "predicate": {
            "content": [
              {
                "index": -1,
                "text": "BE"
              }
            ],
            "isOptional": false,
            "pronoun": []
          },
          "object": {
            "content": [
              {
                "index": 4,
                "text": "Max"
              },
              {
                "index": 5,
                "text": "Gail"
              }
            ],
            "isOptional": false,
            "pronoun": []
          }
        },
        "isOptional": false,
        "pronoun": []
      },
      "predicate": {
        "content": [
          {
            "index": 6,
            "text": "was"
          },
          {
            "index": 7,
            "text": "most"
          },
          {
            "index": 8,
            "text": "widely"
          },
          {
            "index": 9,
            "text": "known"
          },
          {
            "index": 10,
            "text": "for"
          }
        ],
        "isOptional": false,
        "pronoun": []
      },
      "object": {
        "content": {
          "subject": {
            "content": [
              {
                "index": 11,
                "text": "his"
              },
              {
                "index": 12,
                "text": "role"
              }
            ],
            "isOptional": false,
            "pronoun": []
          },
          "predicate": {
            "content": [
              {
                "index": 13,
                "text": "in"
              }
            ],
            "isOptional": false,
            "pronoun": []
          },
          "object": {
            "content": [
              {
                "index": 14,
                "text": "what"
              },
              {
                "index": 15,
                "text": "other"
              },
              {
                "index": 16,
                "text": "television"
              },
              {
                "index": 17,
                "text": "series"
              }
            ],
            "isOptional": false,
            "pronoun": []
          }
        },
        "isOptional": false,
        "pronoun": []
      }
    }
  ]
}