{
  "sentence": "Are both Coldplay and Pierre Bouvier from the same country ?",
  "structure": [
    [
      "verb",
      "subject",
      "adverbial"
    ]
  ],
  "relations": [
    {
      "subject": {
        "content": {
          "subject": {
            "content": [
              {
                "index": 2,
                "text": "Coldplay"
              }
            ],
            "isOptional": false,
            "pronoun": []
          },
          "predicate": {
            "content": [
              {
                "index": -1,
                "text": "AND"
              }
            ],
            "isOptional": false,
            "pronoun": []
          },
          "object": {
            "content": [
              {
                "index": 4,
                "text": "Pierre"
              },
              {
                "index": 5,
                "text": "Bouvier"
              }
            ],
            "isOptional": false,
            "pronoun": []
          }
        },
        "isOptional": false,
        "pronoun": []
      },
      "predicate": {
        "content": [
          {
            "index": 0,
            "text": "are"
          },
          {
            "index": 6,
            "text": "from"
          }
        ],
        "isOptional": false,
        "pronoun": []
      },
      "object": {
        "content": [
          {
            "index": 7,
            "text": "the"
          },
          {
            "index": 8,
            "text": "same"
          },
          {
            "index": 9,
            "text": "country"
          }
        ],
        "isOptional": false,
        "pronoun": []
      }
    }
  ]
}