{
  "sentence": "At which arena does the team, for which Adam McKenzi is currently a member, play their home games ?",
  "structure": [
    [
      "adverbial",
      "subject",
      {
        "clauseType": "adverbial",
        "clauseStructure": [
          "subject",
          "verb",
          "object"
        ]
      },
      "verb",
      "object"
    ]
  ],
  "relations": [
    {
      "subject": {
        "content": {
          "subject": {
            "content": [
              {
                "index": 4,
                "text": "the"
              },
              {
                "index": 5,
                "text": "team"
              }
            ],
            "isOptional": false,
            "pronoun": []
          },
          "predicate": {
            "content": [
              {
                "index": 6,
                "text": "for"
              }
            ],
            "isOptional": false,
            "pronoun": []
          },
          "object": {
            "content": {
              "subject": {
                "content": [
                  {
                    "index": 8,
                    "text": "Adam"
                  },
                  {
                    "index": 9,
                    "text": "McKenzi"
                  }
                ],
                "isOptional": false,
                "pronoun": []
              },
              "predicate": {
                "content": [
                  {
                    "index": 10,
                    "text": "is"
                  },
                  {
                    "index": 11,
                    "text": "currently"
                  }
                ],
                "isOptional": false,
                "pronoun": []
              },
              "object": {
                "content": [
                  {
                    "index": 12,
                    "text": "a"
                  },
                  {
                    "index": 13,
                    "text": "member"
                  }
                ],
                "isOptional": false,
                "pronoun": []
              }
            },
            "isOptional": false,
            "pronoun": []
          }
        },
        "isOptional": false,
        "pronoun": []
      },
      "predicate": {
        "content": [
          {
            "index": 14,
            "text": "play"
          }
        ],
        "isOptional": false,
        "pronoun": []
      },
      "object": {
        "content": {
          "subject": {
            "content": [
              {
                "index": 15,
                "text": "their"
              },
              {
                "index": 16,
                "text": "home"
              },
              {
                "index": 17,
                "text": "games"
              }
            ],
            "isOptional": false,
            "pronoun": []
          },
          "predicate": {
            "content": [
              {
                "index": 0,
                "text": "at"
              }
            ],
            "isOptional": false,
            "pronoun": []
          },
          "object": {
            "content": [
              {
                "index": 1,
                "text": "which"
              },
              {
                "index": 2,
                "text": "arena"
              }
            ],
            "isOptional": false,
            "pronoun": []
          }
        },
        "isOptional": false,
        "pronoun": []
      }
    }
  ]
}