{
  "sentence": "What's the name of the differential equation that was developed by the German physicist who was the doctoral advisor to another German Physicist who identified the Stark effect ?",
  "structure": [
    [
      "subject",
      "verb",
      {
        "clauseType": "object",
        "clauseStructure": [
          "subject",
          "verb",
          "adverbial"
        ]
      }
    ]
  ],
  "relations": [
    {
      "subject": {
        "content": [
          {
            "index": 0,
            "text": "what"
          }
        ],
        "isOptional": false,
        "pronoun": []
      },
      "predicate": {
        "content": [
          {
            "index": 1,
            "text": "is"
          }
        ],
        "isOptional": false,
        "pronoun": []
      },
      "object": {
        "content": {
          "subject": {
            "content": [
              {
                "index": 2,
                "text": "the"
              },
              {
                "index": 3,
                "text": "name"
              }
            ],
            "isOptional": false,
            "pronoun": []
          },
          "predicate": {
            "content": [
              {
                "index": 4,
                "text": "of"
              }
            ],
            "isOptional": false,
            "pronoun": []
          },
          "object": {
            "content": {
              "subject": {
                "content": [
                  {
                    "index": 5,
                    "text": "the"
                  },
                  {
                    "index": 6,
                    "text": "differential"
                  },
                  {
                    "index": 7,
                    "text": "equation"
                  }
                ],
                "isOptional": false,
                "pronoun": []
              },
              "predicate": {
                "content": [
                  {
                    "index": 9,
                    "text": "was"
                  },
                  {
                    "index": 10,
                    "text": "developed"
                  },
                  {
                    "index": 11,
                    "text": "by"
                  }
                ],
                "isOptional": false,
                "pronoun": []
              },
              "object": {
                "content": {
                  "subject": {
                    "content": [
                      {
                        "index": 12,
                        "text": "the"
                      },
                      {
                        "index": 13,
                        "text": "German"
                      },
                      {
                        "index": 14,
                        "text": "physicist"
                      }
                    ],
                    "isOptional": false,
                    "pronoun": []
                  },
                  "predicate": {
                    "content": [
                      {
                        "index": 16,
                        "text": "was"
                      }
                    ],
                    "isOptional": false,
                    "pronoun": []
                  },
                  "object": {
                    "content": {
                      "subject": {
                        "content": [
                          {
                            "index": 17,
                            "text": "the"
                          },
                          {
                            "index": 18,
                            "text": "doctoral"
                          },
                          {
                            "index": 19,
                            "text": "advisor"
                          }
                        ],
                        "isOptional": false,
                        "pronoun": []
                      },
                      "predicate": {
                        "content": [
                          {
                            "index": 20,
                            "text": "to"
                          }
                        ],
                        "isOptional": false,
                        "pronoun": []
                      },
                      "object": {
                        "content": {
                          "subject": {
                            "content": [
                              {
                                "index": 21,
                                "text": "another"
                              },
                              {
                                "index": 22,
                                "text": "German"
                              },
                              {
                                "index": 23,
                                "text": "Physicist"
                              }
                            ],
                            "isOptional": false,
                            "pronoun": []
                          },
                          "predicate": {
                            "content": [
                              {
                                "index": 25,
                                "text": "identified"
                              }
                            ],
                            "isOptional": false,
                            "pronoun": []
                          },
                          "object": {
                            "content": [
                              {
                                "index": 26,
                                "text": "the"
                              },
                              {
                                "index": 27,
                                "text": "Stark"
                              },
                              {
                                "index": 28,
                                "text": "effect"
                              }
                            ],
                            "isOptional": false,
                            "pronoun": []
                          }
                        },
                        "isOptional": false,
                        "pronoun": []
                      }
                    },
                    "isOptional": false,
                    "pronoun": []
                  }
                },
                "isOptional": false,
                "pronoun": []
              }
            },
            "isOptional": false,
            "pronoun": []
          }
        },
        "isOptional": false,
        "pronoun": []
      }
    }
  ]
}