{
  "sentence": "Which restaurant chain is based further south, Pizza Fusion or Imo's Pizza ?",
  "structure": [
    [
      "subject",
      "verb",
      "object"
    ]
  ],
  "relations": [
    {
      "subject": {
        "content": {
          "subject": {
            "content": [
              {
                "index": 0,
                "text": "Which"
              },
              {
                "index": 1,
                "text": "restaurant"
              },
              {
                "index": 2,
                "text": "chain"
              }
            ],
            "isOptional": false,
            "pronoun": []
          },
          "predicate": {
            "content": [
              {
                "index": -1,
                "text": "BE"
              }
            ],
            "isOptional": false,
            "pronoun": []
          },
          "object": {
            "content": {
              "subject": {
                "content": [
                  {
                    "index": 7,
                    "text": "Pizza"
                  },
                  {
                    "index": 8,
                    "text": "Fusion"
                  }
                ],
                "isOptional": false,
                "pronoun": []
              },
              "predicate": {
                "content": [
                  {
                    "index": -1,
                    "text": "OR"
                  }
                ],
                "isOptional": false,
                "pronoun": []
              },
              "object": {
                "content": [
                  {
                    "index": 10,
                    "text": "Imo's"
                  },
                  {
                    "index": 11,
                    "text": "Pizza"
                  }
                ],
                "isOptional": false,
                "pronoun": []
              }
            },
            "isOptional": false,
            "pronoun": []
          }
        },
        "isOptional": false,
        "pronoun": []
      },
      "predicate": {
        "content": [
          {
            "index": 3,
            "text": "is"
          },
          {
            "index": 4,
            "text": "based"
          }
        ],
        "isOptional": false,
        "pronoun": []
      },
      "object": {
        "content": [
          {
            "index": 5,
            "text": "further"
          },
          {
            "index": 6,
            "text": "south"
          }
        ],
        "isOptional": false,
        "pronoun": []
      }
    }
  ]
}