{
  "sentence": "Do the operas Vanessa and Le roi malgré lui contain that same number of acts ?",
  "structure": [
    [
      "subject",
      "verb",
      "object"
    ]
  ],
  "relations": [
    {
      "subject": {
        "content": {
          "subject": {
            "content": [
              {
                "index": 1,
                "text": "the"
              },
              {
                "index": 2,
                "text": "operas"
              },
              {
                "index": 3,
                "text": "Vanessa"
              }
            ],
            "isOptional": false,
            "pronoun": []
          },
          "predicate": {
            "content": [
              {
                "index": -1,
                "text": "AND"
              }
            ],
            "isOptional": false,
            "pronoun": []
          },
          "object": {
            "content": [
              {
                "index": 1,
                "text": "the"
              },
              {
                "index": 2,
                "text": "operas"
              },
              {
                "index": 5,
                "text": "Le"
              },
              {
                "index": 6,
                "text": "roi"
              },
              {
                "index": 7,
                "text": "malgré"
              },
              {
                "index": 8,
                "text": "lui"
              }
            ],
            "isOptional": false,
            "pronoun": []
          }
        },
        "isOptional": false,
        "pronoun": []
      },
      "predicate": {
        "content": [
          {
            "index": 9,
            "text": "contain"
          }
        ],
        "isOptional": false,
        "pronoun": []
      },
      "object": {
        "content": {
          "subject": {
            "content": [
              {
                "index": 11,
                "text": "same"
              },
              {
                "index": 12,
                "text": "number"
              }
            ],
            "isOptional": false,
            "pronoun": []
          },
          "predicate": {
            "content": [
              {
                "index": 13,
                "text": "of"
              }
            ],
            "isOptional": false,
            "pronoun": []
          },
          "object": {
            "content": [
              {
                "index": 14,
                "text": "acts"
              }
            ],
            "isOptional": false,
            "pronoun": []
          }
        },
        "isOptional": false,
        "pronoun": []
      }
    }
  ]
}