{
  "sentence": "New Hampshire Route 124 runs between two regions, one of which is found in Cheshire County, New Hampshire, United States with the population of about 2000 and is named what ?",
  "structure": [
    [
      "subject",
      "verb",
      "adverbial"
    ],
    [
      "subject",
      "verb",
      "adverbial",
      "adverbial"
    ],
    [
      "verb",
      "object"
    ]
  ],
  "relations": [
    {
      "subject": {
        "content": [
          {
            "index": 0,
            "text": "New"
          },
          {
            "index": 1,
            "text": "Hampshire"
          },
          {
            "index": 2,
            "text": "Route"
          },
          {
            "index": 3,
            "text": "124"
          }
        ],
        "isOptional": false,
        "pronoun": []
      },
      "predicate": {
        "content": [
          {
            "index": 4,
            "text": "runs"
          },
          {
            "index": 5,
            "text": "between"
          }
        ],
        "isOptional": false,
        "pronoun": []
      },
      "object": {
        "content": {
          "subject": {
            "content": [
              {
                "index": 6,
                "text": "two"
              },
              {
                "index": 7,
                "text": "regions"
              }
            ],
            "isOptional": false,
            "pronoun": []
          },
          "predicate": {
            "content": [
              {
                "index": -1,
                "text": "BE"
              }
            ],
            "isOptional": false,
            "pronoun": []
          },
          "object": {
            "content": {
              "subject": {
                "content": {
                  "subject": {
                    "content": {
                      "subject": {
                        "content": [
                          {
                            "index": 8,
                            "text": "one"
                          }
                        ],
                        "isOptional": false,
                        "pronoun": []
                      },
                      "predicate": {
                        "content": [
                          {
                            "index": 11,
                            "text": "is"
                          },
                          {
                            "index": 12,
                            "text": "found"
                          },
                          {
                            "index": 13,
                            "text": "in"
                          }
                        ],
                        "isOptional": false,
                        "pronoun": []
                      },
                      "object": {
                        "content": {
                          "subject": {
                            "content": {
                              "subject": {
                                "content": [
                                  {
                                    "index": 14,
                                    "text": "Cheshire"
                                  },
                                  {
                                    "index": 15,
                                    "text": "County"
                                  }
                                ],
                                "isOptional": false,
                                "pronoun": []
                              },
                              "predicate": {
                                "content": [
                                  {
                                    "index": -1,
                                    "text": "CONSTRAIN"
                                  }
                                ],
                                "isOptional": false,
                                "pronoun": []
                              },
                              "object": {
                                "content": [
                                  {
                                    "index": 16,
                                    "text": "New"
                                  },
                                  {
                                    "index": 17,
                                    "text": "Hampshire"
                                  }
                                ],
                                "isOptional": false,
                                "pronoun": []
                              }
                            },
                            "isOptional": false,
                            "pronoun": []
                          },
                          "predicate": {
                            "content": [
                              {
                                "index": -1,
                                "text": "CONSTRAIN"
                              }
                            ],
                            "isOptional": false,
                            "pronoun": []
                          },
                          "object": {
                            "content": [
                              {
                                "index": 18,
                                "text": "United"
                              },
                              {
                                "index": 19,
                                "text": "States"
                              }
                            ],
                            "isOptional": false,
                            "pronoun": []
                          }
                        },
                        "isOptional": false,
                        "pronoun": []
                      }
                    },
                    "isOptional": false,
                    "pronoun": []
                  },
                  "predicate": {
                    "content": [
                      {
                        "index": 20,
                        "text": "with"
                      }
                    ],
                    "isOptional": false,
                    "pronoun": []
                  },
                  "object": {
                    "content": {
                      "subject": {
                        "content": [
                          {
                            "index": 21,
                            "text": "the"
                          },
                          {
                            "index": 22,
                            "text": "population"
                          }
                        ],
                        "isOptional": false,
                        "pronoun": []
                      },
                      "predicate": {
                        "content": [
                          {
                            "index": 23,
                            "text": "of"
                          },
                          {
                            "index": 24,
                            "text": "about"
                          }
                        ],
                        "isOptional": false,
                        "pronoun": []
                      },
                      "object": {
                        "content": [
                          {
                            "index": 25,
                            "text": "2000"
                          }
                        ],
                        "isOptional": false,
                        "pronoun": []
                      }
                    },
                    "isOptional": false,
                    "pronoun": []
                  }
                },
                "isOptional": false,
                "pronoun": []
              },
              "predicate": {
                "content": [
                  {
                    "index": 27,
                    "text": "is"
                  },
                  {
                    "index": 28,
                    "text": "named"
                  }
                ],
                "isOptional": false,
                "pronoun": []
              },
              "object": {
                "content": [
                  {
                    "index": 29,
                    "text": "what"
                  }
                ],
                "isOptional": false,
                "pronoun": []
              }
            },
            "isOptional": false,
            "pronoun": []
          }
        },
        "isOptional": false,
        "pronoun": []
      }
    }
  ]
}