{
  "sentence": "Where is the airline company that operated United Express Flight 3411 on April 9, 2017 on behalf of United Express headquartered ?",
  "structure": [
    [
      "subject",
      "verb",
      {
        "clauseType": "object",
        "clauseStructure": [
          "subject",
          "verb",
          "object",
          "adverbial",
          "adverbial"
        ]
      }
    ]
  ],
  "relations": [
    {
      "subject": {
        "content": [
          {
            "index": 0,
            "text": "where"
          }
        ],
        "isOptional": false,
        "pronoun": []
      },
      "predicate": {
        "content": [
          {
            "index": 1,
            "text": "is"
          }
        ],
        "isOptional": false,
        "pronoun": []
      },
      "object": {
        "content": {
          "subject": {
            "content": [
              {
                "index": 2,
                "text": "the"
              },
              {
                "index": 3,
                "text": "airline"
              },
              {
                "index": 4,
                "text": "company"
              }
            ],
            "isOptional": false,
            "pronoun": []
          },
          "predicate": {
            "content": [
              {
                "index": 6,
                "text": "operated"
              }
            ],
            "isOptional": false,
            "pronoun": []
          },
          "object": {
            "content": {
              "subject": {
                "content": {
                  "subject": {
                    "content": [
                      {
                        "index": 7,
                        "text": "United"
                      },
                      {
                        "index": 8,
                        "text": "Express"
                      },
                      {
                        "index": 9,
                        "text": "Flight"
                      },
                      {
                        "index": 10,
                        "text": "3411"
                      }
                    ],
                    "isOptional": false,
                    "pronoun": []
                  },
                  "predicate": {
                    "content": [
                      {
                        "index": 11,
                        "text": "on"
                      }
                    ],
                    "isOptional": false,
                    "pronoun": []
                  },
                  "object": {
                    "content": [
                      {
                        "index": 12,
                        "text": "April"
                      },
                      {
                        "index": 13,
                        "text": "9"
                      },
                      {
                        "index": 14,
                        "text": "2017"
                      }
                    ],
                    "isOptional": false,
                    "pronoun": []
                  }
                },
                "isOptional": false,
                "pronoun": []
              },
              "predicate": {
                "content": [
                  {
                    "index": 15,
                    "text": "on"
                  }
                ],
                "isOptional": false,
                "pronoun": []
              },
              "object": {
                "content": {
                  "subject": {
                    "content": [
                      {
                        "index": 16,
                        "text": "behalf"
                      }
                    ],
                    "isOptional": false,
                    "pronoun": []
                  },
                  "predicate": {
                    "content": [
                      {
                        "index": 17,
                        "text": "of"
                      }
                    ],
                    "isOptional": false,
                    "pronoun": []
                  },
                  "object": {
                    "content": [
                      {
                        "index": 18,
                        "text": "United"
                      },
                      {
                        "index": 19,
                        "text": "Express"
                      },
                      {
                        "index": 20,
                        "text": "headquartered"
                      }
                    ],
                    "isOptional": false,
                    "pronoun": []
                  }
                },
                "isOptional": false,
                "pronoun": []
              }
            },
            "isOptional": false,
            "pronoun": []
          }
        },
        "isOptional": false,
        "pronoun": []
      }
    }
  ]
}