{
  "sentence": "Alex Jesaulenko, former Australian rules footballer and coach won the award The Goal of the Year. In what year did he win that award ?",
  "structure": [
    [
      "subject",
      "verb",
      "object"
    ],
    [
      "adverbial",
      "subject",
      "verb",
      "object"
    ]
  ],
  "relations": [
    {
      "subject": {
        "content": [
          {
            "index": 20,
            "text": "he"
          }
        ],
        "isOptional": false,
        "pronoun": [
          {
            "index": 0,
            "text": "Alex"
          },
          {
            "index": 1,
            "text": "Jesaulenko"
          }
        ]
      },
      "predicate": {
        "content": [
          {
            "index": 21,
            "text": "win"
          }
        ],
        "isOptional": false,
        "pronoun": []
      },
      "object": {
        "content": {
          "subject": {
            "content": [
              {
                "index": 22,
                "text": "that"
              },
              {
                "index": 23,
                "text": "award"
              }
            ],
            "isOptional": false,
            "pronoun": [
              {
                "index": 11,
                "text": "The"
              },
              {
                "index": 12,
                "text": "Goal"
              },
              {
                "index": 13,
                "text": "of"
              },
              {
                "index": 14,
                "text": "the"
              },
              {
                "index": 15,
                "text": "Year"
              }
            ]
          },
          "predicate": {
            "content": [
              {
                "index": 16,
                "text": "in"
              }
            ],
            "isOptional": false,
            "pronoun": []
          },
          "object": {
            "content": [
              {
                "index": 17,
                "text": "what"
              },
              {
                "index": 18,
                "text": "year"
              }
            ],
            "isOptional": false,
            "pronoun": []
          }
        },
        "isOptional": false,
        "pronoun": []
      }
    },
    {
      "subject": {
        "content": {
          "subject": {
            "content": [
              {
                "index": 0,
                "text": "Alex"
              },
              {
                "index": 1,
                "text": "Jesaulenko"
              }
            ],
            "isOptional": false,
            "pronoun": []
          },
          "predicate": {
            "content": [
              {
                "index": -1,
                "text": "BE"
              }
            ],
            "isOptional": false,
            "pronoun": []
          },
          "object": {
            "content": {
              "subject": {
                "content": [
                  {
                    "index": 2,
                    "text": "former"
                  },
                  {
                    "index": 3,
                    "text": "Australian"
                  },
                  {
                    "index": 4,
                    "text": "rules"
                  },
                  {
                    "index": 5,
                    "text": "footballer"
                  }
                ],
                "isOptional": false,
                "pronoun": []
              },
              "predicate": {
                "content": [
                  {
                    "index": -1,
                    "text": "AND"
                  }
                ],
                "isOptional": false,
                "pronoun": []
              },
              "object": {
                "content": [
                  {
                    "index": 2,
                    "text": "former"
                  },
                  {
                    "index": 7,
                    "text": "coach"
                  }
                ],
                "isOptional": false,
                "pronoun": []
              }
            },
            "isOptional": false,
            "pronoun": []
          }
        },
        "isOptional": false,
        "pronoun": []
      },
      "predicate": {
        "content": [
          {
            "index": 8,
            "text": "won"
          }
        ],
        "isOptional": false,
        "pronoun": []
      },
      "object": {
        "content": {
          "subject": {
            "content": [
              {
                "index": 9,
                "text": "the"
              },
              {
                "index": 10,
                "text": "award"
              }
            ],
            "isOptional": false,
            "pronoun": []
          },
          "predicate": {
            "content": [
              {
                "index": -1,
                "text": "BE"
              }
            ],
            "isOptional": false,
            "pronoun": []
          },
          "object": {
            "content": {
              "subject": {
                "content": [
                  {
                    "index": 11,
                    "text": "The"
                  },
                  {
                    "index": 12,
                    "text": "Goal"
                  }
                ],
                "isOptional": false,
                "pronoun": []
              },
              "predicate": {
                "content": [
                  {
                    "index": 13,
                    "text": "of"
                  }
                ],
                "isOptional": false,
                "pronoun": []
              },
              "object": {
                "content": [
                  {
                    "index": 14,
                    "text": "the"
                  },
                  {
                    "index": 15,
                    "text": "Year"
                  }
                ],
                "isOptional": false,
                "pronoun": []
              }
            },
            "isOptional": false,
            "pronoun": []
          }
        },
        "isOptional": false,
        "pronoun": []
      }
    }
  ]
}