{
  "sentence": "When was the album released that The Red Tour supported ?",
  "structure": [
    [
      "adverbial",
      "subject",
      "verb",
      {
        "clauseType": "complement",
        "clauseStructure": [
          "subject",
          "verb"
        ]
      }
    ]
  ],
  "relations": [
    {
      "subject": {
        "content": {
          "subject": {
            "content": [
              {
                "index": 2,
                "text": "the"
              },
              {
                "index": 3,
                "text": "album"
              }
            ],
            "isOptional": false,
            "pronoun": []
          },
          "predicate": {
            "content": [
              {
                "index": -1,
                "text": "BE"
              }
            ],
            "isOptional": false,
            "pronoun": []
          },
          "object": {
            "content": {
              "subject": {
                "content": [
                  {
                    "index": 6,
                    "text": "The"
                  },
                  {
                    "index": 7,
                    "text": "Red"
                  },
                  {
                    "index": 8,
                    "text": "Tour"
                  }
                ],
                "isOptional": false,
                "pronoun": []
              },
              "predicate": {
                "content": [
                  {
                    "index": 9,
                    "text": "supported"
                  }
                ],
                "isOptional": false,
                "pronoun": []
              },
              "object": {
                "content": "",
                "isOptional": false,
                "pronoun": []
              }
            },
            "isOptional": false,
            "pronoun": []
          }
        },
        "isOptional": false,
        "pronoun": []
      },
      "predicate": {
        "content": [
          {
            "index": 1,
            "text": "was"
          },
          {
            "index": 4,
            "text": "released"
          }
        ],
        "isOptional": false,
        "pronoun": []
      },
      "object": {
        "content": [
          {
            "index": 0,
            "text": "when"
          }
        ],
        "isOptional": false,
        "pronoun": []
      }
    }
  ]
}