{
  "sentence": " Force India VJM10 is a Formula One racing car previous driven by Nico Hülkenberg, and is now driven by which driver born 17 September 1996 ?",
  "structure": [
    [
      "subject",
      "verb",
      "object",
      "adverbial"
    ],
    [
      "verb",
      {
        "clauseType": "adverbial",
        "clauseStructure": [
          "subject",
          "verb",
          "object"
        ]
      }
    ]
  ],
  "relations": [
    {
      "subject": {
        "content": [
          {
            "index": 1,
            "text": "Force"
          },
          {
            "index": 2,
            "text": "India"
          },
          {
            "index": 3,
            "text": "VJM10"
          }
        ],
        "isOptional": false,
        "pronoun": []
      },
      "predicate": {
        "content": [
          {
            "index": 4,
            "text": "is"
          }
        ],
        "isOptional": false,
        "pronoun": []
      },
      "object": {
        "content": {
          "subject": {
            "content": {
              "subject": {
                "content": [
                  {
                    "index": 5,
                    "text": "a"
                  },
                  {
                    "index": 6,
                    "text": "Formula"
                  },
                  {
                    "index": 7,
                    "text": "One"
                  },
                  {
                    "index": 8,
                    "text": "racing"
                  },
                  {
                    "index": 9,
                    "text": "car"
                  }
                ],
                "isOptional": false,
                "pronoun": []
              },
              "predicate": {
                "content": [
                  {
                    "index": 10,
                    "text": "previous"
                  },
                  {
                    "index": 11,
                    "text": "driven"
                  },
                  {
                    "index": 12,
                    "text": "by"
                  }
                ],
                "isOptional": false,
                "pronoun": []
              },
              "object": {
                "content": [
                  {
                    "index": 13,
                    "text": "Nico"
                  },
                  {
                    "index": 14,
                    "text": "Hülkenberg"
                  }
                ],
                "isOptional": false,
                "pronoun": []
              }
            },
            "isOptional": false,
            "pronoun": []
          },
          "predicate": {
            "content": [
              {
                "index": 16,
                "text": "is"
              },
              {
                "index": 17,
                "text": "now"
              },
              {
                "index": 18,
                "text": "driven"
              },
              {
                "index": 19,
                "text": "by"
              }
            ],
            "isOptional": false,
            "pronoun": []
          },
          "object": {
            "content": {
              "subject": {
                "content": [
                  {
                    "index": 20,
                    "text": "which"
                  },
                  {
                    "index": 21,
                    "text": "driver"
                  }
                ],
                "isOptional": false,
                "pronoun": []
              },
              "predicate": {
                "content": [
                  {
                    "index": 22,
                    "text": "born"
                  }
                ],
                "isOptional": false,
                "pronoun": []
              },
              "object": {
                "content": [
                  {
                    "index": 23,
                    "text": "17"
                  },
                  {
                    "index": 24,
                    "text": "September"
                  },
                  {
                    "index": 25,
                    "text": "1996"
                  }
                ],
                "isOptional": false,
                "pronoun": []
              }
            },
            "isOptional": false,
            "pronoun": []
          }
        },
        "isOptional": false,
        "pronoun": []
      }
    }
  ]
}