{
  "sentence": "When does the universe, Earth, and all life on Earth were created as believed by an organization which commissioned The Voyage That Shook The World ?",
  "structure": [
    [
      "adverbial",
      "subject",
      "adverbial",
      "verb",
      {
        "clauseType": "adverbial",
        "clauseStructure": [
          "verb",
          "adverbial"
        ]
      }
    ]
  ],
  "relations": [
    {
      "subject": {
        "content": {
          "subject": {
            "content": {
              "subject": {
                "content": {
                  "subject": {
                    "content": [
                      {
                        "index": 2,
                        "text": "the"
                      },
                      {
                        "index": 3,
                        "text": "universe"
                      }
                    ],
                    "isOptional": false,
                    "pronoun": []
                  },
                  "predicate": {
                    "content": [
                      {
                        "index": -1,
                        "text": "AND"
                      }
                    ],
                    "isOptional": false,
                    "pronoun": []
                  },
                  "object": {
                    "content": [
                      {
                        "index": 4,
                        "text": "Earth"
                      }
                    ],
                    "isOptional": false,
                    "pronoun": []
                  }
                },
                "isOptional": false,
                "pronoun": []
              },
              "predicate": {
                "content": [
                  {
                    "index": -1,
                    "text": "AND"
                  }
                ],
                "isOptional": false,
                "pronoun": []
              },
              "object": {
                "content": [
                  {
                    "index": 6,
                    "text": "all"
                  },
                  {
                    "index": 7,
                    "text": "life"
                  }
                ],
                "isOptional": false,
                "pronoun": []
              }
            },
            "isOptional": false,
            "pronoun": []
          },
          "predicate": {
            "content": [
              {
                "index": 8,
                "text": "on"
              }
            ],
            "isOptional": false,
            "pronoun": []
          },
          "object": {
            "content": [
              {
                "index": 9,
                "text": "Earth"
              }
            ],
            "isOptional": false,
            "pronoun": []
          }
        },
        "isOptional": false,
        "pronoun": []
      },
      "predicate": {
        "content": {
          "subject": {
            "content": [
              {
                "index": 10,
                "text": "were"
              },
              {
                "index": 11,
                "text": "created"
              }
            ],
            "isOptional": false,
            "pronoun": []
          },
          "predicate": {
            "content": [
              {
                "index": 12,
                "text": "as"
              }
            ],
            "isOptional": false,
            "pronoun": []
          },
          "object": {
            "content": [
              {
                "index": 13,
                "text": "believed"
              },
              {
                "index": 14,
                "text": "by"
              }
            ],
            "isOptional": false,
            "pronoun": []
          }
        },
        "isOptional": false,
        "pronoun": []
      },
      "object": {
        "content": {
          "subject": {
            "content": {
              "subject": {
                "content": [
                  {
                    "index": 15,
                    "text": "an"
                  },
                  {
                    "index": 16,
                    "text": "organization"
                  }
                ],
                "isOptional": false,
                "pronoun": []
              },
              "predicate": {
                "content": [
                  {
                    "index": 18,
                    "text": "commissioned"
                  }
                ],
                "isOptional": false,
                "pronoun": []
              },
              "object": {
                "content": [
                  {
                    "index": 19,
                    "text": "The"
                  },
                  {
                    "index": 20,
                    "text": "Voyage"
                  },
                  {
                    "index": 21,
                    "text": "That"
                  },
                  {
                    "index": 22,
                    "text": "Shook"
                  },
                  {
                    "index": 23,
                    "text": "The"
                  },
                  {
                    "index": 24,
                    "text": "World"
                  }
                ],
                "isOptional": false,
                "pronoun": []
              }
            },
            "isOptional": false,
            "pronoun": []
          },
          "predicate": {
            "content": [
              {
                "index": -1,
                "text": "CONSTRAIN"
              }
            ],
            "isOptional": false,
            "pronoun": []
          },
          "object": {
            "content": [
              {
                "index": 0,
                "text": "when"
              }
            ],
            "isOptional": false,
            "pronoun": []
          }
        },
        "isOptional": false,
        "pronoun": []
      }
    }
  ]
}