{
  "sentence": "What year was the American healthy lifestyle magazine, in which Georgia Rickard contributed, started ?",
  "structure": [
    [
      "subject",
      "verb",
      "object",
      {
        "clauseType": "adverbial",
        "clauseStructure": [
          "subject",
          "verb"
        ]
      }
    ]
  ],
  "relations": [
    {
      "subject": {
        "content": [
          {
            "index": 0,
            "text": "What"
          },
          {
            "index": 1,
            "text": "year"
          }
        ],
        "isOptional": false,
        "pronoun": []
      },
      "predicate": {
        "content": [
          {
            "index": 2,
            "text": "was"
          }
        ],
        "isOptional": false,
        "pronoun": []
      },
      "object": {
        "content": {
          "subject": {
            "content": [
              {
                "index": 3,
                "text": "the"
              },
              {
                "index": 4,
                "text": "American"
              },
              {
                "index": 5,
                "text": "healthy"
              },
              {
                "index": 6,
                "text": "lifestyle"
              },
              {
                "index": 7,
                "text": "magazine"
              }
            ],
            "isOptional": false,
            "pronoun": []
          },
          "predicate": {
            "content": [
              {
                "index": 8,
                "text": "in"
              }
            ],
            "isOptional": false,
            "pronoun": []
          },
          "object": {
            "content": {
              "subject": {
                "content": [
                  {
                    "index": 10,
                    "text": "Georgia"
                  },
                  {
                    "index": 11,
                    "text": "Rickard"
                  }
                ],
                "isOptional": false,
                "pronoun": []
              },
              "predicate": {
                "content": {
                  "subject": {
                    "content": [
                      {
                        "index": 12,
                        "text": "contributed"
                      }
                    ],
                    "isOptional": false,
                    "pronoun": []
                  },
                  "predicate": {
                    "content": [
                      {
                        "index": -1,
                        "text": "AND"
                      }
                    ],
                    "isOptional": false,
                    "pronoun": []
                  },
                  "object": {
                    "content": [
                      {
                        "index": 13,
                        "text": "started"
                      }
                    ],
                    "isOptional": false,
                    "pronoun": []
                  }
                },
                "isOptional": false,
                "pronoun": []
              },
              "object": {
                "content": "",
                "isOptional": false,
                "pronoun": []
              }
            },
            "isOptional": false,
            "pronoun": []
          }
        },
        "isOptional": false,
        "pronoun": []
      }
    }
  ]
}