{
  "sentence": "Which band, Matthew Good Band or Switchfoot is still together ?",
  "structure": [
    [
      "subject",
      "verb",
      "complement"
    ]
  ],
  "relations": [
    {
      "subject": {
        "content": {
          "subject": {
            "content": [
              {
                "index": 0,
                "text": "which"
              },
              {
                "index": 1,
                "text": "band"
              }
            ],
            "isOptional": false,
            "pronoun": []
          },
          "predicate": {
            "content": [
              {
                "index": -1,
                "text": "BE"
              }
            ],
            "isOptional": false,
            "pronoun": []
          },
          "object": {
            "content": {
              "subject": {
                "content": [
                  {
                    "index": 2,
                    "text": "Matthew"
                  },
                  {
                    "index": 3,
                    "text": "Good"
                  },
                  {
                    "index": 4,
                    "text": "Band"
                  }
                ],
                "isOptional": false,
                "pronoun": []
              },
              "predicate": {
                "content": [
                  {
                    "index": -1,
                    "text": "OR"
                  }
                ],
                "isOptional": false,
                "pronoun": []
              },
              "object": {
                "content": [
                  {
                    "index": 6,
                    "text": "Switchfoot"
                  }
                ],
                "isOptional": false,
                "pronoun": []
              }
            },
            "isOptional": false,
            "pronoun": []
          }
        },
        "isOptional": false,
        "pronoun": []
      },
      "predicate": {
        "content": [
          {
            "index": 7,
            "text": "is"
          }
        ],
        "isOptional": false,
        "pronoun": []
      },
      "object": {
        "content": [
          {
            "index": 8,
            "text": "still"
          },
          {
            "index": 9,
            "text": "together"
          }
        ],
        "isOptional": false,
        "pronoun": []
      }
    }
  ]
}