{
  "sentence": " Jordan's Furniture is a furniture retailer with a location in an enclosed shopping mall on the north side of Interstate 295 near what ?",
  "structure": [
    [
      "subject",
      "verb",
      "object",
      "adverbial",
      "adverbial",
      "adverbial"
    ]
  ],
  "relations": [
    {
      "subject": {
        "content": {
          "subject": {
            "content": [
              {
                "index": 1,
                "text": "Jordan"
              }
            ],
            "isOptional": false,
            "pronoun": []
          },
          "predicate": {
            "content": [
              {
                "index": 2,
                "text": "'s"
              }
            ],
            "isOptional": false,
            "pronoun": []
          },
          "object": {
            "content": [
              {
                "index": 3,
                "text": "Furniture"
              }
            ],
            "isOptional": false,
            "pronoun": []
          }
        },
        "isOptional": false,
        "pronoun": []
      },
      "predicate": {
        "content": [
          {
            "index": 4,
            "text": "is"
          }
        ],
        "isOptional": false,
        "pronoun": []
      },
      "object": {
        "content": {
          "subject": {
            "content": [
              {
                "index": 5,
                "text": "a"
              },
              {
                "index": 6,
                "text": "furniture"
              },
              {
                "index": 7,
                "text": "retailer"
              }
            ],
            "isOptional": false,
            "pronoun": []
          },
          "predicate": {
            "content": [
              {
                "index": 8,
                "text": "with"
              }
            ],
            "isOptional": false,
            "pronoun": []
          },
          "object": {
            "content": {
              "subject": {
                "content": {
                  "subject": {
                    "content": {
                      "subject": {
                        "content": [
                          {
                            "index": 9,
                            "text": "a"
                          },
                          {
                            "index": 10,
                            "text": "location"
                          }
                        ],
                        "isOptional": false,
                        "pronoun": []
                      },
                      "predicate": {
                        "content": [
                          {
                            "index": 11,
                            "text": "in"
                          }
                        ],
                        "isOptional": false,
                        "pronoun": []
                      },
                      "object": {
                        "content": [
                          {
                            "index": 12,
                            "text": "an"
                          },
                          {
                            "index": 13,
                            "text": "enclosed"
                          },
                          {
                            "index": 14,
                            "text": "shopping"
                          },
                          {
                            "index": 15,
                            "text": "mall"
                          }
                        ],
                        "isOptional": false,
                        "pronoun": []
                      }
                    },
                    "isOptional": false,
                    "pronoun": []
                  },
                  "predicate": {
                    "content": [
                      {
                        "index": 16,
                        "text": "on"
                      }
                    ],
                    "isOptional": false,
                    "pronoun": []
                  },
                  "object": {
                    "content": {
                      "subject": {
                        "content": [
                          {
                            "index": 17,
                            "text": "the"
                          },
                          {
                            "index": 18,
                            "text": "north"
                          },
                          {
                            "index": 19,
                            "text": "side"
                          }
                        ],
                        "isOptional": false,
                        "pronoun": []
                      },
                      "predicate": {
                        "content": [
                          {
                            "index": 20,
                            "text": "of"
                          }
                        ],
                        "isOptional": false,
                        "pronoun": []
                      },
                      "object": {
                        "content": [
                          {
                            "index": 21,
                            "text": "Interstate"
                          },
                          {
                            "index": 22,
                            "text": "295"
                          }
                        ],
                        "isOptional": false,
                        "pronoun": []
                      }
                    },
                    "isOptional": false,
                    "pronoun": []
                  }
                },
                "isOptional": false,
                "pronoun": []
              },
              "predicate": {
                "content": [
                  {
                    "index": 23,
                    "text": "near"
                  }
                ],
                "isOptional": false,
                "pronoun": []
              },
              "object": {
                "content": [
                  {
                    "index": 24,
                    "text": "what"
                  }
                ],
                "isOptional": false,
                "pronoun": []
              }
            },
            "isOptional": false,
            "pronoun": []
          }
        },
        "isOptional": false,
        "pronoun": []
      }
    }
  ]
}