{
  "sentence": "The Worst Journey in the World is a memoir written by which English explorer of Antarctica ?",
  "structure": [
    [
      "subject",
      "verb",
      "object",
      "adverbial"
    ]
  ],
  "relations": [
    {
      "subject": {
        "content": [
          {
            "index": 0,
            "text": "the"
          },
          {
            "index": 1,
            "text": "Worst"
          },
          {
            "index": 2,
            "text": "Journey"
          },
          {
            "index": 3,
            "text": "in"
          },
          {
            "index": 4,
            "text": "the"
          },
          {
            "index": 5,
            "text": "World"
          }
        ],
        "isOptional": false,
        "pronoun": []
      },
      "predicate": {
        "content": [
          {
            "index": 6,
            "text": "is"
          }
        ],
        "isOptional": false,
        "pronoun": []
      },
      "object": {
        "content": {
          "subject": {
            "content": [
              {
                "index": 7,
                "text": "a"
              },
              {
                "index": 8,
                "text": "memoir"
              }
            ],
            "isOptional": false,
            "pronoun": []
          },
          "predicate": {
            "content": [
              {
                "index": 9,
                "text": "written"
              },
              {
                "index": 10,
                "text": "by"
              }
            ],
            "isOptional": false,
            "pronoun": []
          },
          "object": {
            "content": {
              "subject": {
                "content": [
                  {
                    "index": 11,
                    "text": "which"
                  },
                  {
                    "index": 12,
                    "text": "English"
                  },
                  {
                    "index": 13,
                    "text": "explorer"
                  }
                ],
                "isOptional": false,
                "pronoun": []
              },
              "predicate": {
                "content": [
                  {
                    "index": 14,
                    "text": "of"
                  }
                ],
                "isOptional": false,
                "pronoun": []
              },
              "object": {
                "content": [
                  {
                    "index": 15,
                    "text": "Antarctica"
                  }
                ],
                "isOptional": false,
                "pronoun": []
              }
            },
            "isOptional": false,
            "pronoun": []
          }
        },
        "isOptional": false,
        "pronoun": []
      }
    }
  ]
}