{
  "sentence": "For which film did the Director team with NASA scientists, Aliens of the Deep or Poetry in Motion ?",
  "structure": [
    [
      "adverbial",
      "subject",
      "verb",
      "adverbial"
    ]
  ],
  "relations": [
    {
      "subject": {
        "content": [
          {
            "index": 4,
            "text": "the"
          },
          {
            "index": 5,
            "text": "Director"
          }
        ],
        "isOptional": false,
        "pronoun": []
      },
      "predicate": {
        "content": [
          {
            "index": 6,
            "text": "team"
          },
          {
            "index": 7,
            "text": "with"
          }
        ],
        "isOptional": false,
        "pronoun": []
      },
      "object": {
        "content": {
          "subject": {
            "content": [
              {
                "index": 8,
                "text": "NASA"
              },
              {
                "index": 9,
                "text": "scientists"
              }
            ],
            "isOptional": false,
            "pronoun": []
          },
          "predicate": {
            "content": [
              {
                "index": 0,
                "text": "for"
              }
            ],
            "isOptional": false,
            "pronoun": []
          },
          "object": {
            "content": {
              "subject": {
                "content": [
                  {
                    "index": 1,
                    "text": "which"
                  },
                  {
                    "index": 2,
                    "text": "film"
                  }
                ],
                "isOptional": false,
                "pronoun": []
              },
              "predicate": {
                "content": [
                  {
                    "index": -1,
                    "text": "BE"
                  }
                ],
                "isOptional": false,
                "pronoun": []
              },
              "object": {
                "content": {
                  "subject": {
                    "content": [
                      {
                        "index": 10,
                        "text": "Aliens"
                      },
                      {
                        "index": 11,
                        "text": "of"
                      },
                      {
                        "index": 12,
                        "text": "the"
                      },
                      {
                        "index": 13,
                        "text": "Deep"
                      }
                    ],
                    "isOptional": false,
                    "pronoun": []
                  },
                  "predicate": {
                    "content": [
                      {
                        "index": -1,
                        "text": "OR"
                      }
                    ],
                    "isOptional": false,
                    "pronoun": []
                  },
                  "object": {
                    "content": [
                      {
                        "index": 15,
                        "text": "Poetry"
                      },
                      {
                        "index": 16,
                        "text": "in"
                      },
                      {
                        "index": 17,
                        "text": "Motion"
                      }
                    ],
                    "isOptional": false,
                    "pronoun": []
                  }
                },
                "isOptional": false,
                "pronoun": []
              }
            },
            "isOptional": false,
            "pronoun": []
          }
        },
        "isOptional": false,
        "pronoun": []
      }
    }
  ]
}