{
  "sentence": "In what Italian region was the House of Grimaldi ?",
  "structure": [
    [
      "adverbial",
      "verb",
      "subject"
    ]
  ],
  "relations": [
    {
      "subject": {
        "content": {
          "subject": {
            "content": [
              {
                "index": 5,
                "text": "the"
              },
              {
                "index": 6,
                "text": "House"
              }
            ],
            "isOptional": false,
            "pronoun": []
          },
          "predicate": {
            "content": [
              {
                "index": 7,
                "text": "of"
              }
            ],
            "isOptional": false,
            "pronoun": []
          },
          "object": {
            "content": [
              {
                "index": 8,
                "text": "Grimaldi"
              }
            ],
            "isOptional": false,
            "pronoun": []
          }
        },
        "isOptional": false,
        "pronoun": []
      },
      "predicate": {
        "content": [
          {
            "index": 0,
            "text": "in"
          },
          {
            "index": 4,
            "text": "was"
          }
        ],
        "isOptional": false,
        "pronoun": []
      },
      "object": {
        "content": [
          {
            "index": 1,
            "text": "what"
          },
          {
            "index": 2,
            "text": "Italian"
          },
          {
            "index": 3,
            "text": "region"
          }
        ],
        "isOptional": false,
        "pronoun": []
      }
    }
  ]
}