{
  "sentence": "How many people were in the group which preceded the release of Eric Clapton's 1975 album E.C. Was Here ? ",
  "structure": [
    [
      "subject",
      "verb",
      {
        "clauseType": "adverbial",
        "clauseStructure": [
          "subject",
          "verb",
          "object"
        ]
      }
    ]
  ],
  "relations": [
    {
      "subject": {
        "content": [
          {
            "index": 0,
            "text": "how"
          },
          {
            "index": 1,
            "text": "many"
          },
          {
            "index": 2,
            "text": "people"
          }
        ],
        "isOptional": false,
        "pronoun": []
      },
      "predicate": {
        "content": [
          {
            "index": 3,
            "text": "were"
          },
          {
            "index": 4,
            "text": "in"
          }
        ],
        "isOptional": false,
        "pronoun": []
      },
      "object": {
        "content": {
          "subject": {
            "content": [
              {
                "index": 5,
                "text": "the"
              },
              {
                "index": 6,
                "text": "group"
              }
            ],
            "isOptional": false,
            "pronoun": []
          },
          "predicate": {
            "content": [
              {
                "index": 8,
                "text": "preceded"
              }
            ],
            "isOptional": false,
            "pronoun": []
          },
          "object": {
            "content": {
              "subject": {
                "content": [
                  {
                    "index": 9,
                    "text": "the"
                  },
                  {
                    "index": 10,
                    "text": "release"
                  }
                ],
                "isOptional": false,
                "pronoun": []
              },
              "predicate": {
                "content": [
                  {
                    "index": 11,
                    "text": "of"
                  }
                ],
                "isOptional": false,
                "pronoun": []
              },
              "object": {
                "content": {
                  "subject": {
                    "content": {
                      "subject": {
                        "content": [
                          {
                            "index": 12,
                            "text": "Eric"
                          },
                          {
                            "index": 13,
                            "text": "Clapton"
                          }
                        ],
                        "isOptional": false,
                        "pronoun": []
                      },
                      "predicate": {
                        "content": [
                          {
                            "index": 14,
                            "text": "'s"
                          }
                        ],
                        "isOptional": false,
                        "pronoun": []
                      },
                      "object": {
                        "content": [
                          {
                            "index": 15,
                            "text": "1975"
                          },
                          {
                            "index": 16,
                            "text": "album"
                          }
                        ],
                        "isOptional": false,
                        "pronoun": []
                      }
                    },
                    "isOptional": false,
                    "pronoun": []
                  },
                  "predicate": {
                    "content": [
                      {
                        "index": -1,
                        "text": "BE"
                      }
                    ],
                    "isOptional": false,
                    "pronoun": []
                  },
                  "object": {
                    "content": [
                      {
                        "index": 17,
                        "text": "E.C."
                      },
                      {
                        "index": 18,
                        "text": "Was"
                      },
                      {
                        "index": 19,
                        "text": "Here"
                      }
                    ],
                    "isOptional": false,
                    "pronoun": []
                  }
                },
                "isOptional": false,
                "pronoun": []
              }
            },
            "isOptional": false,
            "pronoun": []
          }
        },
        "isOptional": false,
        "pronoun": []
      }
    }
  ]
}