{
  "sentence": "Bobby Bowden coached which former Toronto Blue Jays minor league baseball player ?",
  "structure": [
    [
      "subject",
      "verb",
      "object"
    ]
  ],
  "relations": [
    {
      "subject": {
        "content": [
          {
            "index": 0,
            "text": "Bobby"
          },
          {
            "index": 1,
            "text": "Bowden"
          }
        ],
        "isOptional": false,
        "pronoun": []
      },
      "predicate": {
        "content": [
          {
            "index": 2,
            "text": "coached"
          }
        ],
        "isOptional": false,
        "pronoun": []
      },
      "object": {
        "content": [
          {
            "index": 3,
            "text": "which"
          },
          {
            "index": 4,
            "text": "former"
          },
          {
            "index": 5,
            "text": "Toronto"
          },
          {
            "index": 6,
            "text": "Blue"
          },
          {
            "index": 7,
            "text": "Jays"
          },
          {
            "index": 8,
            "text": "minor"
          },
          {
            "index": 9,
            "text": "league"
          },
          {
            "index": 10,
            "text": "baseball"
          },
          {
            "index": 11,
            "text": "player"
          }
        ],
        "isOptional": false,
        "pronoun": []
      }
    }
  ]
}