{
  "sentence": "John Valliant’s work has appeared in which outdoor-focused magazine whose first issue was published in September 1977 ?",
  "structure": [
    [
      "subject",
      "verb",
      {
        "clauseType": "adverbial",
        "clauseStructure": [
          "subject",
          "verb",
          "adverbial"
        ]
      }
    ]
  ],
  "relations": [
    {
      "subject": {
        "content": {
          "subject": {
            "content": [
              {
                "index": 0,
                "text": "John"
              },
              {
                "index": 1,
                "text": "Valliant"
              }
            ],
            "isOptional": false,
            "pronoun": []
          },
          "predicate": {
            "content": [
              {
                "index": 2,
                "text": "’s"
              }
            ],
            "isOptional": false,
            "pronoun": []
          },
          "object": {
            "content": [
              {
                "index": 3,
                "text": "work"
              }
            ],
            "isOptional": false,
            "pronoun": []
          }
        },
        "isOptional": false,
        "pronoun": []
      },
      "predicate": {
        "content": [
          {
            "index": 4,
            "text": "has"
          },
          {
            "index": 5,
            "text": "appeared"
          },
          {
            "index": 6,
            "text": "in"
          }
        ],
        "isOptional": false,
        "pronoun": []
      },
      "object": {
        "content": {
          "subject": {
            "content": [
              {
                "index": 7,
                "text": "which"
              },
              {
                "index": 8,
                "text": "outdoor-focused"
              },
              {
                "index": 9,
                "text": "magazine"
              }
            ],
            "isOptional": false,
            "pronoun": []
          },
          "predicate": {
            "content": [
              {
                "index": -1,
                "text": "BE"
              }
            ],
            "isOptional": false,
            "pronoun": []
          },
          "object": {
            "content": {
              "subject": {
                "content": [
                  {
                    "index": 11,
                    "text": "first"
                  },
                  {
                    "index": 12,
                    "text": "issue"
                  }
                ],
                "isOptional": false,
                "pronoun": []
              },
              "predicate": {
                "content": [
                  {
                    "index": 13,
                    "text": "was"
                  },
                  {
                    "index": 14,
                    "text": "published"
                  },
                  {
                    "index": 15,
                    "text": "in"
                  }
                ],
                "isOptional": false,
                "pronoun": []
              },
              "object": {
                "content": [
                  {
                    "index": 16,
                    "text": "September"
                  },
                  {
                    "index": 17,
                    "text": "1977"
                  }
                ],
                "isOptional": false,
                "pronoun": []
              }
            },
            "isOptional": false,
            "pronoun": []
          }
        },
        "isOptional": false,
        "pronoun": []
      }
    }
  ]
}