{
  "sentence": "Which of the writers of \"The Telltale Head\"  was born on February 15, 1954 ?",
  "structure": [
    [
      "subject",
      "verb",
      "adverbial"
    ]
  ],
  "relations": [
    {
      "subject": {
        "content": {
          "subject": {
            "content": [
              {
                "index": 0,
                "text": "which"
              }
            ],
            "isOptional": false,
            "pronoun": []
          },
          "predicate": {
            "content": [
              {
                "index": 1,
                "text": "of"
              }
            ],
            "isOptional": false,
            "pronoun": []
          },
          "object": {
            "content": {
              "subject": {
                "content": [
                  {
                    "index": 2,
                    "text": "the"
                  },
                  {
                    "index": 3,
                    "text": "writers"
                  }
                ],
                "isOptional": false,
                "pronoun": []
              },
              "predicate": {
                "content": [
                  {
                    "index": 4,
                    "text": "of"
                  }
                ],
                "isOptional": false,
                "pronoun": []
              },
              "object": {
                "content": [
                  {
                    "index": 5,
                    "text": "The"
                  },
                  {
                    "index": 6,
                    "text": "Telltale"
                  },
                  {
                    "index": 7,
                    "text": "Head"
                  }
                ],
                "isOptional": false,
                "pronoun": []
              }
            },
            "isOptional": false,
            "pronoun": []
          }
        },
        "isOptional": false,
        "pronoun": []
      },
      "predicate": {
        "content": [
          {
            "index": 8,
            "text": "was"
          },
          {
            "index": 9,
            "text": "born"
          },
          {
            "index": 10,
            "text": "on"
          }
        ],
        "isOptional": false,
        "pronoun": []
      },
      "object": {
        "content": [
          {
            "index": 11,
            "text": "February"
          },
          {
            "index": 12,
            "text": "15"
          },
          {
            "index": 13,
            "text": "1954"
          }
        ],
        "isOptional": false,
        "pronoun": []
      }
    }
  ]
}