{
  "sentence": "What is one of the most successful retro-clones that is no longer supported by Wizards of the Coast ?",
  "structure": [
    [
      "subject",
      "verb",
      {
        "clauseType": "object",
        "clauseStructure": [
          "subject",
          "verb",
          "adverbial"
        ]
      }
    ]
  ],
  "relations": [
    {
      "subject": {
        "content": [
          {
            "index": 0,
            "text": "what"
          }
        ],
        "isOptional": false,
        "pronoun": []
      },
      "predicate": {
        "content": [
          {
            "index": 1,
            "text": "is"
          }
        ],
        "isOptional": false,
        "pronoun": []
      },
      "object": {
        "content": {
          "subject": {
            "content": [
              {
                "index": 2,
                "text": "one"
              }
            ],
            "isOptional": false,
            "pronoun": []
          },
          "predicate": {
            "content": [
              {
                "index": 3,
                "text": "of"
              }
            ],
            "isOptional": false,
            "pronoun": []
          },
          "object": {
            "content": {
              "subject": {
                "content": [
                  {
                    "index": 4,
                    "text": "the"
                  },
                  {
                    "index": 5,
                    "text": "most"
                  },
                  {
                    "index": 6,
                    "text": "successful"
                  },
                  {
                    "index": 7,
                    "text": "retro-clones"
                  }
                ],
                "isOptional": false,
                "pronoun": []
              },
              "predicate": {
                "content": [
                  {
                    "index": 9,
                    "text": "is"
                  },
                  {
                    "index": 10,
                    "text": "no"
                  },
                  {
                    "index": 11,
                    "text": "longer"
                  },
                  {
                    "index": 12,
                    "text": "supported"
                  },
                  {
                    "index": 13,
                    "text": "by"
                  }
                ],
                "isOptional": false,
                "pronoun": []
              },
              "object": {
                "content": [
                  {
                    "index": 14,
                    "text": "Wizards"
                  },
                  {
                    "index": 15,
                    "text": "of"
                  },
                  {
                    "index": 16,
                    "text": "the"
                  },
                  {
                    "index": 17,
                    "text": "Coast"
                  }
                ],
                "isOptional": false,
                "pronoun": []
              }
            },
            "isOptional": false,
            "pronoun": []
          }
        },
        "isOptional": false,
        "pronoun": []
      }
    }
  ]
}