{
  "sentence": "Piano Concerto No. 6 in D major, Hess 15 is an unfinished piano concerto by a composer who passed away in which year  ?",
  "structure": [
    [
      "subject",
      "verb",
      "object",
      {
        "clauseType": "adverbial",
        "clauseStructure": [
          "subject",
          "verb",
          "adverbial"
        ]
      }
    ]
  ],
  "relations": [
    {
      "subject": {
        "content": {
          "subject": {
            "content": [
              {
                "index": 0,
                "text": "Piano"
              },
              {
                "index": 1,
                "text": "Concerto"
              },
              {
                "index": 2,
                "text": "No."
              },
              {
                "index": 3,
                "text": "6"
              }
            ],
            "isOptional": false,
            "pronoun": []
          },
          "predicate": {
            "content": [
              {
                "index": 4,
                "text": "in"
              }
            ],
            "isOptional": false,
            "pronoun": []
          },
          "object": {
            "content": [
              {
                "index": 5,
                "text": "D"
              },
              {
                "index": 6,
                "text": "major"
              },
              {
                "index": 7,
                "text": "Hess"
              },
              {
                "index": 8,
                "text": "15"
              }
            ],
            "isOptional": false,
            "pronoun": []
          }
        },
        "isOptional": false,
        "pronoun": []
      },
      "predicate": {
        "content": [
          {
            "index": 9,
            "text": "is"
          }
        ],
        "isOptional": false,
        "pronoun": []
      },
      "object": {
        "content": {
          "subject": {
            "content": [
              {
                "index": 10,
                "text": "an"
              },
              {
                "index": 11,
                "text": "unfinished"
              },
              {
                "index": 12,
                "text": "piano"
              },
              {
                "index": 13,
                "text": "concerto"
              }
            ],
            "isOptional": false,
            "pronoun": []
          },
          "predicate": {
            "content": [
              {
                "index": 14,
                "text": "by"
              }
            ],
            "isOptional": false,
            "pronoun": []
          },
          "object": {
            "content": {
              "subject": {
                "content": [
                  {
                    "index": 15,
                    "text": "a"
                  },
                  {
                    "index": 16,
                    "text": "composer"
                  }
                ],
                "isOptional": false,
                "pronoun": []
              },
              "predicate": {
                "content": [
                  {
                    "index": 18,
                    "text": "passed"
                  },
                  {
                    "index": 19,
                    "text": "away"
                  },
                  {
                    "index": 20,
                    "text": "in"
                  }
                ],
                "isOptional": false,
                "pronoun": []
              },
              "object": {
                "content": [
                  {
                    "index": 21,
                    "text": "which"
                  },
                  {
                    "index": 22,
                    "text": "year"
                  }
                ],
                "isOptional": false,
                "pronoun": []
              }
            },
            "isOptional": false,
            "pronoun": []
          }
        },
        "isOptional": false,
        "pronoun": []
      }
    }
  ]
}