{
  "sentence": "At what height does State Route 160 start ?",
  "structure": [
    [
      "adverbial",
      "subject",
      "verb"
    ]
  ],
  "relations": [
    {
      "subject": {
        "content": [
          {
            "index": 4,
            "text": "State"
          },
          {
            "index": 5,
            "text": "Route"
          },
          {
            "index": 6,
            "text": "160"
          }
        ],
        "isOptional": false,
        "pronoun": []
      },
      "predicate": {
        "content": [
          {
            "index": 0,
            "text": "at"
          },
          {
            "index": 7,
            "text": "start"
          }
        ],
        "isOptional": false,
        "pronoun": []
      },
      "object": {
        "content": [
          {
            "index": 1,
            "text": "what"
          },
          {
            "index": 2,
            "text": "height"
          }
        ],
        "isOptional": false,
        "pronoun": []
      }
    }
  ]
}