{
  "sentence": "The 1990–91 UNLV Runnin' Rebels basketball team coached by Jerry Tarkanian lost in the semifinals of the 1991 NCAA tournament to which team ?",
  "structure": [
    [
      {
        "clauseType": "subject",
        "clauseStructure": [
          "subject",
          "verb",
          "adverbial"
        ]
      },
      "verb",
      "adverbial",
      "adverbial"
    ]
  ],
  "relations": [
    {
      "subject": {
        "content": {
          "subject": {
            "content": [
              {
                "index": 0,
                "text": "the"
              },
              {
                "index": 1,
                "text": "1990–91"
              },
              {
                "index": 2,
                "text": "UNLV"
              },
              {
                "index": 3,
                "text": "Runnin'"
              },
              {
                "index": 4,
                "text": "Rebels"
              },
              {
                "index": 5,
                "text": "basketball"
              },
              {
                "index": 6,
                "text": "team"
              }
            ],
            "isOptional": false,
            "pronoun": []
          },
          "predicate": {
            "content": [
              {
                "index": 7,
                "text": "coached"
              },
              {
                "index": 8,
                "text": "by"
              }
            ],
            "isOptional": false,
            "pronoun": []
          },
          "object": {
            "content": [
              {
                "index": 9,
                "text": "Jerry"
              },
              {
                "index": 10,
                "text": "Tarkanian"
              }
            ],
            "isOptional": false,
            "pronoun": []
          }
        },
        "isOptional": false,
        "pronoun": []
      },
      "predicate": {
        "content": [
          {
            "index": 11,
            "text": "lost"
          },
          {
            "index": 12,
            "text": "in"
          }
        ],
        "isOptional": false,
        "pronoun": []
      },
      "object": {
        "content": {
          "subject": {
            "content": {
              "subject": {
                "content": [
                  {
                    "index": 13,
                    "text": "the"
                  },
                  {
                    "index": 14,
                    "text": "semifinals"
                  }
                ],
                "isOptional": false,
                "pronoun": []
              },
              "predicate": {
                "content": [
                  {
                    "index": 15,
                    "text": "of"
                  }
                ],
                "isOptional": false,
                "pronoun": []
              },
              "object": {
                "content": [
                  {
                    "index": 16,
                    "text": "the"
                  },
                  {
                    "index": 17,
                    "text": "1991"
                  },
                  {
                    "index": 18,
                    "text": "NCAA"
                  },
                  {
                    "index": 19,
                    "text": "tournament"
                  }
                ],
                "isOptional": false,
                "pronoun": []
              }
            },
            "isOptional": false,
            "pronoun": []
          },
          "predicate": {
            "content": [
              {
                "index": 20,
                "text": "to"
              }
            ],
            "isOptional": false,
            "pronoun": []
          },
          "object": {
            "content": [
              {
                "index": 21,
                "text": "which"
              },
              {
                "index": 22,
                "text": "team"
              }
            ],
            "isOptional": false,
            "pronoun": []
          }
        },
        "isOptional": false,
        "pronoun": []
      }
    }
  ]
}