{
  "sentence": "Who graduated from The SC Bastia Reserves and Academy  and was born 9 September 1987 ?",
  "structure": [
    [
      "subject",
      "verb",
      "adverbial"
    ],
    [
      "verb",
      "adverbial"
    ]
  ],
  "relations": [
    {
      "subject": {
        "content": [
          {
            "index": 0,
            "text": "who"
          }
        ],
        "isOptional": false,
        "pronoun": []
      },
      "predicate": {
        "content": {
          "subject": {
            "content": {
              "subject": {
                "content": "",
                "isOptional": false,
                "pronoun": []
              },
              "predicate": {
                "content": [
                  {
                    "index": 1,
                    "text": "graduated"
                  },
                  {
                    "index": 2,
                    "text": "from"
                  }
                ],
                "isOptional": false,
                "pronoun": []
              },
              "object": {
                "content": [
                  {
                    "index": 3,
                    "text": "The"
                  },
                  {
                    "index": 4,
                    "text": "SC"
                  },
                  {
                    "index": 5,
                    "text": "Bastia"
                  },
                  {
                    "index": 6,
                    "text": "Reserves"
                  }
                ],
                "isOptional": false,
                "pronoun": []
              }
            },
            "isOptional": false,
            "pronoun": []
          },
          "predicate": {
            "content": [
              {
                "index": -1,
                "text": "AND"
              }
            ],
            "isOptional": false,
            "pronoun": []
          },
          "object": {
            "content": {
              "subject": {
                "content": "",
                "isOptional": false,
                "pronoun": []
              },
              "predicate": {
                "content": [
                  {
                    "index": 10,
                    "text": "was"
                  },
                  {
                    "index": 11,
                    "text": "born"
                  }
                ],
                "isOptional": false,
                "pronoun": []
              },
              "object": {
                "content": [
                  {
                    "index": 12,
                    "text": "9"
                  },
                  {
                    "index": 13,
                    "text": "September"
                  },
                  {
                    "index": 14,
                    "text": "1987"
                  }
                ],
                "isOptional": false,
                "pronoun": []
              }
            },
            "isOptional": false,
            "pronoun": []
          }
        },
        "isOptional": false,
        "pronoun": []
      },
      "object": {
        "content": "",
        "isOptional": false,
        "pronoun": []
      }
    }
  ]
}