{
  "sentence": "Which 1949 British black comedy film does the Skindles hotel appear on ? ",
  "structure": [
    [
      "adverbial",
      "subject",
      "verb"
    ]
  ],
  "relations": [
    {
      "subject": {
        "content": [
          {
            "index": 7,
            "text": "the"
          },
          {
            "index": 8,
            "text": "Skindles"
          },
          {
            "index": 9,
            "text": "hotel"
          }
        ],
        "isOptional": false,
        "pronoun": []
      },
      "predicate": {
        "content": [
          {
            "index": 10,
            "text": "appear"
          },
          {
            "index": 11,
            "text": "on"
          }
        ],
        "isOptional": false,
        "pronoun": []
      },
      "object": {
        "content": [
          {
            "index": 0,
            "text": "which"
          },
          {
            "index": 1,
            "text": "1949"
          },
          {
            "index": 2,
            "text": "British"
          },
          {
            "index": 3,
            "text": "black"
          },
          {
            "index": 4,
            "text": "comedy"
          },
          {
            "index": 5,
            "text": "film"
          }
        ],
        "isOptional": false,
        "pronoun": []
      }
    }
  ]
}