{
  "sentence": "Which close friend of an American former basketball player was signed for to play for the Timberwolves ?",
  "structure": [
    [
      "subject",
      "verb",
      "adverbial",
      {
        "clauseType": "adverbial",
        "clauseStructure": [
          "verb",
          "adverbial"
        ]
      }
    ]
  ],
  "relations": [
    {
      "subject": {
        "content": {
          "subject": {
            "content": [
              {
                "index": 0,
                "text": "which"
              },
              {
                "index": 1,
                "text": "close"
              },
              {
                "index": 2,
                "text": "friend"
              }
            ],
            "isOptional": false,
            "pronoun": []
          },
          "predicate": {
            "content": [
              {
                "index": 3,
                "text": "of"
              }
            ],
            "isOptional": false,
            "pronoun": []
          },
          "object": {
            "content": [
              {
                "index": 4,
                "text": "an"
              },
              {
                "index": 5,
                "text": "American"
              },
              {
                "index": 6,
                "text": "former"
              },
              {
                "index": 7,
                "text": "basketball"
              },
              {
                "index": 8,
                "text": "player"
              }
            ],
            "isOptional": false,
            "pronoun": []
          }
        },
        "isOptional": false,
        "pronoun": []
      },
      "predicate": {
        "content": {
          "subject": {
            "content": [
              {
                "index": 9,
                "text": "was"
              },
              {
                "index": 10,
                "text": "signed"
              },
              {
                "index": 11,
                "text": "for"
              }
            ],
            "isOptional": false,
            "pronoun": []
          },
          "predicate": {
            "content": [
              {
                "index": 12,
                "text": "to"
              }
            ],
            "isOptional": false,
            "pronoun": []
          },
          "object": {
            "content": [
              {
                "index": 13,
                "text": "play"
              },
              {
                "index": 14,
                "text": "for"
              }
            ],
            "isOptional": false,
            "pronoun": []
          }
        },
        "isOptional": false,
        "pronoun": []
      },
      "object": {
        "content": [
          {
            "index": 15,
            "text": "the"
          },
          {
            "index": 16,
            "text": "Timberwolves"
          }
        ],
        "isOptional": false,
        "pronoun": []
      }
    }
  ]
}