{
  "sentence": "The film Navakoti Narayana was based on the life of Purandara Dasa who was born in what year ?",
  "structure": [
    [
      "subject",
      "verb",
      {
        "clauseType": "adverbial",
        "clauseStructure": [
          "subject",
          "verb",
          "adverbial"
        ]
      }
    ]
  ],
  "relations": [
    {
      "subject": {
        "content": {
          "subject": {
            "content": [
              {
                "index": 0,
                "text": "the"
              },
              {
                "index": 1,
                "text": "film"
              }
            ],
            "isOptional": false,
            "pronoun": []
          },
          "predicate": {
            "content": [
              {
                "index": -1,
                "text": "BE"
              }
            ],
            "isOptional": false,
            "pronoun": []
          },
          "object": {
            "content": [
              {
                "index": 2,
                "text": "Navakoti"
              },
              {
                "index": 3,
                "text": "Narayana"
              }
            ],
            "isOptional": false,
            "pronoun": []
          }
        },
        "isOptional": false,
        "pronoun": []
      },
      "predicate": {
        "content": [
          {
            "index": 4,
            "text": "was"
          },
          {
            "index": 5,
            "text": "based"
          },
          {
            "index": 6,
            "text": "on"
          }
        ],
        "isOptional": false,
        "pronoun": []
      },
      "object": {
        "content": {
          "subject": {
            "content": [
              {
                "index": 7,
                "text": "the"
              },
              {
                "index": 8,
                "text": "life"
              }
            ],
            "isOptional": false,
            "pronoun": []
          },
          "predicate": {
            "content": [
              {
                "index": 9,
                "text": "of"
              }
            ],
            "isOptional": false,
            "pronoun": []
          },
          "object": {
            "content": {
              "subject": {
                "content": [
                  {
                    "index": 10,
                    "text": "Purandara"
                  },
                  {
                    "index": 11,
                    "text": "Dasa"
                  }
                ],
                "isOptional": false,
                "pronoun": []
              },
              "predicate": {
                "content": [
                  {
                    "index": 13,
                    "text": "was"
                  },
                  {
                    "index": 14,
                    "text": "born"
                  },
                  {
                    "index": 15,
                    "text": "in"
                  }
                ],
                "isOptional": false,
                "pronoun": []
              },
              "object": {
                "content": [
                  {
                    "index": 16,
                    "text": "what"
                  },
                  {
                    "index": 17,
                    "text": "year"
                  }
                ],
                "isOptional": false,
                "pronoun": []
              }
            },
            "isOptional": false,
            "pronoun": []
          }
        },
        "isOptional": false,
        "pronoun": []
      }
    }
  ]
}