{
  "sentence": "Which satellite was operational for longer, International Ultraviolet Explorer or EXOSAT ?",
  "structure": [
    [
      "subject",
      "verb",
      "complement",
      "adverbial"
    ]
  ],
  "relations": [
    {
      "subject": {
        "content": {
          "subject": {
            "content": [
              {
                "index": 0,
                "text": "which"
              },
              {
                "index": 1,
                "text": "satellite"
              }
            ],
            "isOptional": false,
            "pronoun": []
          },
          "predicate": {
            "content": [
              {
                "index": -1,
                "text": "BE"
              }
            ],
            "isOptional": false,
            "pronoun": []
          },
          "object": {
            "content": {
              "subject": {
                "content": [
                  {
                    "index": 6,
                    "text": "International"
                  },
                  {
                    "index": 7,
                    "text": "Ultraviolet"
                  },
                  {
                    "index": 8,
                    "text": "Explorer"
                  }
                ],
                "isOptional": false,
                "pronoun": []
              },
              "predicate": {
                "content": [
                  {
                    "index": -1,
                    "text": "OR"
                  }
                ],
                "isOptional": false,
                "pronoun": []
              },
              "object": {
                "content": [
                  {
                    "index": 10,
                    "text": "EXOSAT"
                  }
                ],
                "isOptional": false,
                "pronoun": []
              }
            },
            "isOptional": false,
            "pronoun": []
          }
        },
        "isOptional": false,
        "pronoun": []
      },
      "predicate": {
        "content": [
          {
            "index": 2,
            "text": "was"
          },
          {
            "index": 3,
            "text": "operational"
          },
          {
            "index": 4,
            "text": "for"
          }
        ],
        "isOptional": false,
        "pronoun": []
      },
      "object": {
        "content": [
          {
            "index": 5,
            "text": "longer"
          }
        ],
        "isOptional": false,
        "pronoun": []
      }
    }
  ]
}