{
  "sentence": "In the epic of Gilgamesh, where did the wise female divinity associated with fermentation live ?",
  "structure": [
    [
      "adverbial",
      "adverbial",
      {
        "clauseType": "subject",
        "clauseStructure": [
          "subject",
          "verb",
          "adverbial"
        ]
      },
      "verb"
    ]
  ],
  "relations": [
    {
      "subject": {
        "content": {
          "subject": {
            "content": {
              "subject": {
                "content": [
                  {
                    "index": 7,
                    "text": "the"
                  },
                  {
                    "index": 8,
                    "text": "wise"
                  },
                  {
                    "index": 9,
                    "text": "female"
                  },
                  {
                    "index": 10,
                    "text": "divinity"
                  }
                ],
                "isOptional": false,
                "pronoun": []
              },
              "predicate": {
                "content": [
                  {
                    "index": 11,
                    "text": "associated"
                  },
                  {
                    "index": 12,
                    "text": "with"
                  }
                ],
                "isOptional": false,
                "pronoun": []
              },
              "object": {
                "content": [
                  {
                    "index": 13,
                    "text": "fermentation"
                  }
                ],
                "isOptional": false,
                "pronoun": []
              }
            },
            "isOptional": false,
            "pronoun": []
          },
          "predicate": {
            "content": [
              {
                "index": 14,
                "text": "live"
              }
            ],
            "isOptional": false,
            "pronoun": []
          },
          "object": {
            "content": [
              {
                "index": 5,
                "text": "where"
              }
            ],
            "isOptional": false,
            "pronoun": []
          }
        },
        "isOptional": false,
        "pronoun": []
      },
      "predicate": {
        "content": [
          {
            "index": 0,
            "text": "in"
          }
        ],
        "isOptional": false,
        "pronoun": []
      },
      "object": {
        "content": {
          "subject": {
            "content": [
              {
                "index": 1,
                "text": "the"
              },
              {
                "index": 2,
                "text": "epic"
              }
            ],
            "isOptional": false,
            "pronoun": []
          },
          "predicate": {
            "content": [
              {
                "index": 3,
                "text": "of"
              }
            ],
            "isOptional": false,
            "pronoun": []
          },
          "object": {
            "content": [
              {
                "index": 4,
                "text": "Gilgamesh"
              }
            ],
            "isOptional": false,
            "pronoun": []
          }
        },
        "isOptional": false,
        "pronoun": []
      }
    }
  ]
}