{
  "sentence": "What magazine was started in 1925 and features the work of Barry Werth ?",
  "structure": [
    [
      "subject",
      "verb",
      "adverbial"
    ],
    [
      "verb",
      "object"
    ]
  ],
  "relations": [
    {
      "subject": {
        "content": [
          {
            "index": 0,
            "text": "what"
          },
          {
            "index": 1,
            "text": "magazine"
          }
        ],
        "isOptional": false,
        "pronoun": []
      },
      "predicate": {
        "content": {
          "subject": {
            "content": {
              "subject": {
                "content": "",
                "isOptional": false,
                "pronoun": []
              },
              "predicate": {
                "content": [
                  {
                    "index": 2,
                    "text": "was"
                  },
                  {
                    "index": 3,
                    "text": "started"
                  },
                  {
                    "index": 4,
                    "text": "in"
                  }
                ],
                "isOptional": false,
                "pronoun": []
              },
              "object": {
                "content": [
                  {
                    "index": 5,
                    "text": "1925"
                  }
                ],
                "isOptional": false,
                "pronoun": []
              }
            },
            "isOptional": false,
            "pronoun": []
          },
          "predicate": {
            "content": [
              {
                "index": -1,
                "text": "AND"
              }
            ],
            "isOptional": false,
            "pronoun": []
          },
          "object": {
            "content": {
              "subject": {
                "content": "",
                "isOptional": false,
                "pronoun": []
              },
              "predicate": {
                "content": [
                  {
                    "index": 7,
                    "text": "features"
                  }
                ],
                "isOptional": false,
                "pronoun": []
              },
              "object": {
                "content": {
                  "subject": {
                    "content": [
                      {
                        "index": 8,
                        "text": "the"
                      },
                      {
                        "index": 9,
                        "text": "work"
                      }
                    ],
                    "isOptional": false,
                    "pronoun": []
                  },
                  "predicate": {
                    "content": [
                      {
                        "index": 10,
                        "text": "of"
                      }
                    ],
                    "isOptional": false,
                    "pronoun": []
                  },
                  "object": {
                    "content": [
                      {
                        "index": 11,
                        "text": "Barry"
                      },
                      {
                        "index": 12,
                        "text": "Werth"
                      }
                    ],
                    "isOptional": false,
                    "pronoun": []
                  }
                },
                "isOptional": false,
                "pronoun": []
              }
            },
            "isOptional": false,
            "pronoun": []
          }
        },
        "isOptional": false,
        "pronoun": []
      },
      "object": {
        "content": "",
        "isOptional": false,
        "pronoun": []
      }
    }
  ]
}