{
  "sentence": "Which terrorist group was the cause of the battle in which Mark E. Michell won an award for his actions ?",
  "structure": [
    [
      "subject",
      "verb",
      "object",
      {
        "clauseType": "adverbial",
        "clauseStructure": [
          "subject",
          "verb",
          "object",
          "adverbial"
        ]
      }
    ]
  ],
  "relations": [
    {
      "subject": {
        "content": [
          {
            "index": 0,
            "text": "which"
          },
          {
            "index": 1,
            "text": "terrorist"
          },
          {
            "index": 2,
            "text": "group"
          }
        ],
        "isOptional": false,
        "pronoun": []
      },
      "predicate": {
        "content": [
          {
            "index": 3,
            "text": "was"
          }
        ],
        "isOptional": false,
        "pronoun": []
      },
      "object": {
        "content": {
          "subject": {
            "content": [
              {
                "index": 4,
                "text": "the"
              },
              {
                "index": 5,
                "text": "cause"
              }
            ],
            "isOptional": false,
            "pronoun": []
          },
          "predicate": {
            "content": [
              {
                "index": 6,
                "text": "of"
              }
            ],
            "isOptional": false,
            "pronoun": []
          },
          "object": {
            "content": {
              "subject": {
                "content": [
                  {
                    "index": 7,
                    "text": "the"
                  },
                  {
                    "index": 8,
                    "text": "battle"
                  }
                ],
                "isOptional": false,
                "pronoun": []
              },
              "predicate": {
                "content": [
                  {
                    "index": 9,
                    "text": "in"
                  }
                ],
                "isOptional": false,
                "pronoun": []
              },
              "object": {
                "content": {
                  "subject": {
                    "content": [
                      {
                        "index": 11,
                        "text": "Mark"
                      },
                      {
                        "index": 12,
                        "text": "E."
                      },
                      {
                        "index": 13,
                        "text": "Michell"
                      }
                    ],
                    "isOptional": false,
                    "pronoun": []
                  },
                  "predicate": {
                    "content": [
                      {
                        "index": 14,
                        "text": "won"
                      }
                    ],
                    "isOptional": false,
                    "pronoun": []
                  },
                  "object": {
                    "content": {
                      "subject": {
                        "content": [
                          {
                            "index": 15,
                            "text": "an"
                          },
                          {
                            "index": 16,
                            "text": "award"
                          }
                        ],
                        "isOptional": false,
                        "pronoun": []
                      },
                      "predicate": {
                        "content": [
                          {
                            "index": 17,
                            "text": "for"
                          }
                        ],
                        "isOptional": false,
                        "pronoun": []
                      },
                      "object": {
                        "content": [
                          {
                            "index": 18,
                            "text": "his"
                          },
                          {
                            "index": 19,
                            "text": "actions"
                          }
                        ],
                        "isOptional": false,
                        "pronoun": []
                      }
                    },
                    "isOptional": false,
                    "pronoun": []
                  }
                },
                "isOptional": false,
                "pronoun": []
              }
            },
            "isOptional": false,
            "pronoun": []
          }
        },
        "isOptional": false,
        "pronoun": []
      }
    }
  ]
}