{
  "sentence": "The magazine that nominated George Rainsford for their Best Actor award in 2017 comes out every week on what day of the week ?",
  "structure": [
    [
      {
        "clauseType": "subject",
        "clauseStructure": [
          "subject",
          "verb",
          "object",
          "adverbial"
        ]
      },
      "verb",
      "adverbial",
      "adverbial"
    ]
  ],
  "relations": [
    {
      "subject": {
        "content": {
          "subject": {
            "content": [
              {
                "index": 0,
                "text": "the"
              },
              {
                "index": 1,
                "text": "magazine"
              }
            ],
            "isOptional": false,
            "pronoun": []
          },
          "predicate": {
            "content": [
              {
                "index": 3,
                "text": "nominated"
              }
            ],
            "isOptional": false,
            "pronoun": []
          },
          "object": {
            "content": {
              "subject": {
                "content": [
                  {
                    "index": 4,
                    "text": "George"
                  },
                  {
                    "index": 5,
                    "text": "Rainsford"
                  }
                ],
                "isOptional": false,
                "pronoun": []
              },
              "predicate": {
                "content": [
                  {
                    "index": 6,
                    "text": "for"
                  }
                ],
                "isOptional": false,
                "pronoun": []
              },
              "object": {
                "content": {
                  "subject": {
                    "content": [
                      {
                        "index": 7,
                        "text": "their"
                      },
                      {
                        "index": 8,
                        "text": "Best"
                      },
                      {
                        "index": 9,
                        "text": "Actor"
                      },
                      {
                        "index": 10,
                        "text": "award"
                      }
                    ],
                    "isOptional": false,
                    "pronoun": []
                  },
                  "predicate": {
                    "content": [
                      {
                        "index": 11,
                        "text": "in"
                      }
                    ],
                    "isOptional": false,
                    "pronoun": []
                  },
                  "object": {
                    "content": [
                      {
                        "index": 12,
                        "text": "2017"
                      }
                    ],
                    "isOptional": false,
                    "pronoun": []
                  }
                },
                "isOptional": false,
                "pronoun": []
              }
            },
            "isOptional": false,
            "pronoun": []
          }
        },
        "isOptional": false,
        "pronoun": []
      },
      "predicate": {
        "content": [
          {
            "index": 13,
            "text": "comes"
          },
          {
            "index": 14,
            "text": "out"
          }
        ],
        "isOptional": false,
        "pronoun": []
      },
      "object": {
        "content": {
          "subject": {
            "content": [
              {
                "index": 15,
                "text": "every"
              },
              {
                "index": 16,
                "text": "week"
              }
            ],
            "isOptional": false,
            "pronoun": []
          },
          "predicate": {
            "content": [
              {
                "index": 17,
                "text": "on"
              }
            ],
            "isOptional": false,
            "pronoun": []
          },
          "object": {
            "content": {
              "subject": {
                "content": [
                  {
                    "index": 18,
                    "text": "what"
                  },
                  {
                    "index": 19,
                    "text": "day"
                  }
                ],
                "isOptional": false,
                "pronoun": []
              },
              "predicate": {
                "content": [
                  {
                    "index": 20,
                    "text": "of"
                  }
                ],
                "isOptional": false,
                "pronoun": []
              },
              "object": {
                "content": [
                  {
                    "index": 21,
                    "text": "the"
                  },
                  {
                    "index": 22,
                    "text": "week"
                  }
                ],
                "isOptional": false,
                "pronoun": []
              }
            },
            "isOptional": false,
            "pronoun": []
          }
        },
        "isOptional": false,
        "pronoun": []
      }
    }
  ]
}