{
  "sentence": " where is the American professional basketball team which Jalen Jones played for based",
  "structure": [
    [
      "adverbial",
      "verb",
      {
        "clauseType": "subject",
        "clauseStructure": [
          "subject",
          "verb",
          "adverbial"
        ]
      }
    ]
  ],
  "relations": [
    {
      "subject": {
        "content": {
          "subject": {
            "content": [
              {
                "index": 2,
                "text": "the"
              },
              {
                "index": 3,
                "text": "American"
              },
              {
                "index": 4,
                "text": "professional"
              },
              {
                "index": 5,
                "text": "basketball"
              },
              {
                "index": 6,
                "text": "team"
              }
            ],
            "isOptional": false,
            "pronoun": []
          },
          "predicate": {
            "content": [
              {
                "index": -1,
                "text": "BE"
              }
            ],
            "isOptional": false,
            "pronoun": []
          },
          "object": {
            "content": {
              "subject": {
                "content": [
                  {
                    "index": 9,
                    "text": "Jones"
                  }
                ],
                "isOptional": false,
                "pronoun": []
              },
              "predicate": {
                "content": [
                  {
                    "index": 10,
                    "text": "played"
                  },
                  {
                    "index": 11,
                    "text": "for"
                  }
                ],
                "isOptional": false,
                "pronoun": []
              },
              "object": {
                "content": [
                  {
                    "index": 12,
                    "text": "based"
                  }
                ],
                "isOptional": false,
                "pronoun": []
              }
            },
            "isOptional": false,
            "pronoun": []
          }
        },
        "isOptional": false,
        "pronoun": []
      },
      "predicate": {
        "content": [
          {
            "index": 1,
            "text": "is"
          }
        ],
        "isOptional": false,
        "pronoun": []
      },
      "object": {
        "content": [
          {
            "index": 0,
            "text": "where"
          }
        ],
        "isOptional": false,
        "pronoun": []
      }
    }
  ]
}