{
  "sentence": "Finity's End was written by which American writer ?",
  "structure": [
    [
      "subject",
      "verb",
      "adverbial"
    ]
  ],
  "relations": [
    {
      "subject": {
        "content": [
          {
            "index": 0,
            "text": "Finity"
          },
          {
            "index": 1,
            "text": "'s"
          },
          {
            "index": 2,
            "text": "End"
          }
        ],
        "isOptional": false,
        "pronoun": []
      },
      "predicate": {
        "content": [
          {
            "index": 3,
            "text": "was"
          },
          {
            "index": 4,
            "text": "written"
          },
          {
            "index": 5,
            "text": "by"
          }
        ],
        "isOptional": false,
        "pronoun": []
      },
      "object": {
        "content": [
          {
            "index": 6,
            "text": "which"
          },
          {
            "index": 7,
            "text": "American"
          },
          {
            "index": 8,
            "text": "writer"
          }
        ],
        "isOptional": false,
        "pronoun": []
      }
    }
  ]
}