{
  "sentence": "What is the name of the former MGM Grand Garden Special Events Center where the Mayweather-Ortiz fight took place ?",
  "structure": [
    [
      "subject",
      "verb",
      "object",
      {
        "clauseType": "adverbial",
        "clauseStructure": [
          "subject",
          "verb"
        ]
      }
    ]
  ],
  "relations": [
    {
      "subject": {
        "content": [
          {
            "index": 0,
            "text": "what"
          }
        ],
        "isOptional": false,
        "pronoun": []
      },
      "predicate": {
        "content": [
          {
            "index": 1,
            "text": "is"
          }
        ],
        "isOptional": false,
        "pronoun": []
      },
      "object": {
        "content": {
          "subject": {
            "content": [
              {
                "index": 2,
                "text": "the"
              },
              {
                "index": 3,
                "text": "name"
              }
            ],
            "isOptional": false,
            "pronoun": []
          },
          "predicate": {
            "content": [
              {
                "index": 4,
                "text": "of"
              }
            ],
            "isOptional": false,
            "pronoun": []
          },
          "object": {
            "content": {
              "subject": {
                "content": [
                  {
                    "index": 5,
                    "text": "the"
                  },
                  {
                    "index": 6,
                    "text": "former"
                  },
                  {
                    "index": 7,
                    "text": "MGM"
                  },
                  {
                    "index": 8,
                    "text": "Grand"
                  },
                  {
                    "index": 9,
                    "text": "Garden"
                  },
                  {
                    "index": 10,
                    "text": "Special"
                  },
                  {
                    "index": 11,
                    "text": "Events"
                  },
                  {
                    "index": 12,
                    "text": "Center"
                  }
                ],
                "isOptional": false,
                "pronoun": []
              },
              "predicate": {
                "content": [
                  {
                    "index": -1,
                    "text": "BE"
                  }
                ],
                "isOptional": false,
                "pronoun": []
              },
              "object": {
                "content": {
                  "subject": {
                    "content": [
                      {
                        "index": 15,
                        "text": "Mayweather-Ortiz"
                      },
                      {
                        "index": 16,
                        "text": "fight"
                      }
                    ],
                    "isOptional": false,
                    "pronoun": []
                  },
                  "predicate": {
                    "content": [
                      {
                        "index": 17,
                        "text": "took"
                      }
                    ],
                    "isOptional": false,
                    "pronoun": []
                  },
                  "object": {
                    "content": [
                      {
                        "index": 18,
                        "text": "place"
                      }
                    ],
                    "isOptional": false,
                    "pronoun": []
                  }
                },
                "isOptional": false,
                "pronoun": []
              }
            },
            "isOptional": false,
            "pronoun": []
          }
        },
        "isOptional": false,
        "pronoun": []
      }
    }
  ]
}