{
  "sentence": "Both the Pulandian District and Hailar District are located within which country ?",
  "structure": [
    [
      "subject",
      "verb",
      "adverbial"
    ]
  ],
  "relations": [
    {
      "subject": {
        "content": {
          "subject": {
            "content": [
              {
                "index": 1,
                "text": "the"
              },
              {
                "index": 2,
                "text": "Pulandian"
              },
              {
                "index": 3,
                "text": "District"
              }
            ],
            "isOptional": false,
            "pronoun": []
          },
          "predicate": {
            "content": [
              {
                "index": -1,
                "text": "AND"
              }
            ],
            "isOptional": false,
            "pronoun": []
          },
          "object": {
            "content": [
              {
                "index": 5,
                "text": "Hailar"
              },
              {
                "index": 6,
                "text": "District"
              }
            ],
            "isOptional": false,
            "pronoun": []
          }
        },
        "isOptional": false,
        "pronoun": []
      },
      "predicate": {
        "content": [
          {
            "index": 7,
            "text": "are"
          },
          {
            "index": 8,
            "text": "located"
          },
          {
            "index": 9,
            "text": "within"
          }
        ],
        "isOptional": false,
        "pronoun": []
      },
      "object": {
        "content": [
          {
            "index": 10,
            "text": "which"
          },
          {
            "index": 11,
            "text": "country"
          }
        ],
        "isOptional": false,
        "pronoun": []
      }
    }
  ]
}