{
  "sentence": "Both Tsai Ming-liang and Giacomo Gentilomo were involved with which profession ?",
  "structure": [
    [
      "subject",
      "verb",
      "adverbial"
    ]
  ],
  "relations": [
    {
      "subject": {
        "content": {
          "subject": {
            "content": [
              {
                "index": 1,
                "text": "Tsai"
              },
              {
                "index": 2,
                "text": "Ming-liang"
              }
            ],
            "isOptional": false,
            "pronoun": []
          },
          "predicate": {
            "content": [
              {
                "index": -1,
                "text": "AND"
              }
            ],
            "isOptional": false,
            "pronoun": []
          },
          "object": {
            "content": [
              {
                "index": 4,
                "text": "Giacomo"
              },
              {
                "index": 5,
                "text": "Gentilomo"
              }
            ],
            "isOptional": false,
            "pronoun": []
          }
        },
        "isOptional": false,
        "pronoun": []
      },
      "predicate": {
        "content": [
          {
            "index": 6,
            "text": "were"
          },
          {
            "index": 7,
            "text": "involved"
          },
          {
            "index": 8,
            "text": "with"
          }
        ],
        "isOptional": false,
        "pronoun": []
      },
      "object": {
        "content": [
          {
            "index": 9,
            "text": "which"
          },
          {
            "index": 10,
            "text": "profession"
          }
        ],
        "isOptional": false,
        "pronoun": []
      }
    }
  ]
}