{
  "sentence": "In which year was the coach of the 1917 Pittsburgh Panthers football team inducted into the College Football Hall of Fame ?",
  "structure": [
    [
      "adverbial",
      "subject",
      "verb",
      "adverbial"
    ]
  ],
  "relations": [
    {
      "subject": {
        "content": {
          "subject": {
            "content": [
              {
                "index": 4,
                "text": "the"
              },
              {
                "index": 5,
                "text": "coach"
              }
            ],
            "isOptional": false,
            "pronoun": []
          },
          "predicate": {
            "content": [
              {
                "index": 6,
                "text": "of"
              }
            ],
            "isOptional": false,
            "pronoun": []
          },
          "object": {
            "content": [
              {
                "index": 7,
                "text": "the"
              },
              {
                "index": 8,
                "text": "1917"
              },
              {
                "index": 9,
                "text": "Pittsburgh"
              },
              {
                "index": 10,
                "text": "Panthers"
              },
              {
                "index": 11,
                "text": "football"
              },
              {
                "index": 12,
                "text": "team"
              }
            ],
            "isOptional": false,
            "pronoun": []
          }
        },
        "isOptional": false,
        "pronoun": []
      },
      "predicate": {
        "content": [
          {
            "index": 3,
            "text": "was"
          },
          {
            "index": 13,
            "text": "inducted"
          },
          {
            "index": 14,
            "text": "into"
          }
        ],
        "isOptional": false,
        "pronoun": []
      },
      "object": {
        "content": {
          "subject": {
            "content": {
              "subject": {
                "content": [
                  {
                    "index": 15,
                    "text": "the"
                  },
                  {
                    "index": 16,
                    "text": "College"
                  },
                  {
                    "index": 17,
                    "text": "Football"
                  },
                  {
                    "index": 18,
                    "text": "Hall"
                  }
                ],
                "isOptional": false,
                "pronoun": []
              },
              "predicate": {
                "content": [
                  {
                    "index": 19,
                    "text": "of"
                  }
                ],
                "isOptional": false,
                "pronoun": []
              },
              "object": {
                "content": [
                  {
                    "index": 20,
                    "text": "Fame"
                  }
                ],
                "isOptional": false,
                "pronoun": []
              }
            },
            "isOptional": false,
            "pronoun": []
          },
          "predicate": {
            "content": [
              {
                "index": 0,
                "text": "in"
              }
            ],
            "isOptional": false,
            "pronoun": []
          },
          "object": {
            "content": [
              {
                "index": 1,
                "text": "which"
              },
              {
                "index": 2,
                "text": "year"
              }
            ],
            "isOptional": false,
            "pronoun": []
          }
        },
        "isOptional": false,
        "pronoun": []
      }
    }
  ]
}