{
  "sentence": "When was Aimee Carrero's depiction of Angie first aired ?",
  "structure": [
    [
      "adverbial",
      "subject",
      "verb"
    ]
  ],
  "relations": [
    {
      "subject": {
        "content": {
          "subject": {
            "content": {
              "subject": {
                "content": [
                  {
                    "index": 2,
                    "text": "Aimee"
                  },
                  {
                    "index": 3,
                    "text": "Carrero"
                  }
                ],
                "isOptional": false,
                "pronoun": []
              },
              "predicate": {
                "content": [
                  {
                    "index": 4,
                    "text": "'s"
                  }
                ],
                "isOptional": false,
                "pronoun": []
              },
              "object": {
                "content": [
                  {
                    "index": 5,
                    "text": "depiction"
                  }
                ],
                "isOptional": false,
                "pronoun": []
              }
            },
            "isOptional": false,
            "pronoun": []
          },
          "predicate": {
            "content": [
              {
                "index": 6,
                "text": "of"
              }
            ],
            "isOptional": false,
            "pronoun": []
          },
          "object": {
            "content": [
              {
                "index": 7,
                "text": "Angie"
              }
            ],
            "isOptional": false,
            "pronoun": []
          }
        },
        "isOptional": false,
        "pronoun": []
      },
      "predicate": {
        "content": [
          {
            "index": 1,
            "text": "was"
          },
          {
            "index": 8,
            "text": "first"
          },
          {
            "index": 9,
            "text": "aired"
          }
        ],
        "isOptional": false,
        "pronoun": []
      },
      "object": {
        "content": [
          {
            "index": 0,
            "text": "when"
          }
        ],
        "isOptional": false,
        "pronoun": []
      }
    }
  ]
}