{
  "sentence": "Who wrote lyrics for both \"Little Shop of Horrors\" and the song \"Be Our Guest ?\" ",
  "structure": [
    [
      "subject",
      "verb",
      "object",
      "adverbial"
    ]
  ],
  "relations": [
    {
      "subject": {
        "content": [
          {
            "index": 0,
            "text": "who"
          }
        ],
        "isOptional": false,
        "pronoun": []
      },
      "predicate": {
        "content": [
          {
            "index": 1,
            "text": "wrote"
          }
        ],
        "isOptional": false,
        "pronoun": []
      },
      "object": {
        "content": {
          "subject": {
            "content": [
              {
                "index": 2,
                "text": "lyrics"
              }
            ],
            "isOptional": false,
            "pronoun": []
          },
          "predicate": {
            "content": [
              {
                "index": 3,
                "text": "for"
              }
            ],
            "isOptional": false,
            "pronoun": []
          },
          "object": {
            "content": {
              "subject": {
                "content": [
                  {
                    "index": 5,
                    "text": "Little"
                  },
                  {
                    "index": 6,
                    "text": "Shop"
                  },
                  {
                    "index": 7,
                    "text": "of"
                  },
                  {
                    "index": 8,
                    "text": "Horrors"
                  }
                ],
                "isOptional": false,
                "pronoun": []
              },
              "predicate": {
                "content": [
                  {
                    "index": -1,
                    "text": "AND"
                  }
                ],
                "isOptional": false,
                "pronoun": []
              },
              "object": {
                "content": {
                  "subject": {
                    "content": [
                      {
                        "index": 10,
                        "text": "the"
                      },
                      {
                        "index": 11,
                        "text": "song"
                      }
                    ],
                    "isOptional": false,
                    "pronoun": []
                  },
                  "predicate": {
                    "content": [
                      {
                        "index": -1,
                        "text": "BE"
                      }
                    ],
                    "isOptional": false,
                    "pronoun": []
                  },
                  "object": {
                    "content": [
                      {
                        "index": 12,
                        "text": "Be"
                      },
                      {
                        "index": 13,
                        "text": "Our"
                      },
                      {
                        "index": 14,
                        "text": "Guest"
                      }
                    ],
                    "isOptional": false,
                    "pronoun": []
                  }
                },
                "isOptional": false,
                "pronoun": []
              }
            },
            "isOptional": false,
            "pronoun": []
          }
        },
        "isOptional": false,
        "pronoun": []
      }
    }
  ]
}