{
  "sentence": "Are TEC-1 and Dubna 48K are based on the same processor ?",
  "structure": [
    [
      "subject",
      "verb",
      "adverbial"
    ]
  ],
  "relations": [
    {
      "subject": {
        "content": {
          "subject": {
            "content": [
              {
                "index": 1,
                "text": "TEC-1"
              }
            ],
            "isOptional": false,
            "pronoun": []
          },
          "predicate": {
            "content": [
              {
                "index": -1,
                "text": "AND"
              }
            ],
            "isOptional": false,
            "pronoun": []
          },
          "object": {
            "content": [
              {
                "index": 3,
                "text": "Dubna"
              },
              {
                "index": 4,
                "text": "48K"
              }
            ],
            "isOptional": false,
            "pronoun": []
          }
        },
        "isOptional": false,
        "pronoun": []
      },
      "predicate": {
        "content": [
          {
            "index": 5,
            "text": "are"
          },
          {
            "index": 6,
            "text": "based"
          },
          {
            "index": 7,
            "text": "on"
          }
        ],
        "isOptional": false,
        "pronoun": []
      },
      "object": {
        "content": [
          {
            "index": 8,
            "text": "the"
          },
          {
            "index": 9,
            "text": "same"
          },
          {
            "index": 10,
            "text": "processor"
          }
        ],
        "isOptional": false,
        "pronoun": []
      }
    }
  ]
}