{
  "sentence": "William Sidney Sid Hatfield was the Police Chief of Matewan, West Virginia during a shootout between local coal miners and the Baldwin-Felts Detective Agency that is referred to as what ?",
  "structure": [
    [
      "subject",
      "verb",
      "object"
    ]
  ],
  "relations": [
    {
      "subject": {
        "content": [
          {
            "index": 0,
            "text": "William"
          },
          {
            "index": 1,
            "text": "Sidney"
          },
          {
            "index": 2,
            "text": "Sid"
          },
          {
            "index": 3,
            "text": "Hatfield"
          }
        ],
        "isOptional": false,
        "pronoun": []
      },
      "predicate": {
        "content": [
          {
            "index": 4,
            "text": "was"
          }
        ],
        "isOptional": false,
        "pronoun": []
      },
      "object": {
        "content": {
          "subject": {
            "content": {
              "subject": {
                "content": [
                  {
                    "index": 5,
                    "text": "the"
                  },
                  {
                    "index": 6,
                    "text": "Police"
                  },
                  {
                    "index": 7,
                    "text": "Chief"
                  }
                ],
                "isOptional": false,
                "pronoun": []
              },
              "predicate": {
                "content": [
                  {
                    "index": 8,
                    "text": "of"
                  }
                ],
                "isOptional": false,
                "pronoun": []
              },
              "object": {
                "content": {
                  "subject": {
                    "content": [
                      {
                        "index": 9,
                        "text": "Matewan"
                      }
                    ],
                    "isOptional": false,
                    "pronoun": []
                  },
                  "predicate": {
                    "content": [
                      {
                        "index": -1,
                        "text": "CONSTRAIN"
                      }
                    ],
                    "isOptional": false,
                    "pronoun": []
                  },
                  "object": {
                    "content": [
                      {
                        "index": 10,
                        "text": "West"
                      },
                      {
                        "index": 11,
                        "text": "Virginia"
                      }
                    ],
                    "isOptional": false,
                    "pronoun": []
                  }
                },
                "isOptional": false,
                "pronoun": []
              }
            },
            "isOptional": false,
            "pronoun": []
          },
          "predicate": {
            "content": [
              {
                "index": 12,
                "text": "during"
              }
            ],
            "isOptional": false,
            "pronoun": []
          },
          "object": {
            "content": {
              "subject": {
                "content": {
                  "subject": {
                    "content": [
                      {
                        "index": 13,
                        "text": "a"
                      },
                      {
                        "index": 14,
                        "text": "shootout"
                      }
                    ],
                    "isOptional": false,
                    "pronoun": []
                  },
                  "predicate": {
                    "content": [
                      {
                        "index": 15,
                        "text": "between"
                      }
                    ],
                    "isOptional": false,
                    "pronoun": []
                  },
                  "object": {
                    "content": {
                      "subject": {
                        "content": [
                          {
                            "index": 16,
                            "text": "local"
                          },
                          {
                            "index": 17,
                            "text": "coal"
                          },
                          {
                            "index": 18,
                            "text": "miners"
                          }
                        ],
                        "isOptional": false,
                        "pronoun": []
                      },
                      "predicate": {
                        "content": [
                          {
                            "index": -1,
                            "text": "AND"
                          }
                        ],
                        "isOptional": false,
                        "pronoun": []
                      },
                      "object": {
                        "content": [
                          {
                            "index": 20,
                            "text": "the"
                          },
                          {
                            "index": 21,
                            "text": "Baldwin-Felts"
                          },
                          {
                            "index": 22,
                            "text": "Detective"
                          },
                          {
                            "index": 23,
                            "text": "Agency"
                          }
                        ],
                        "isOptional": false,
                        "pronoun": []
                      }
                    },
                    "isOptional": false,
                    "pronoun": []
                  }
                },
                "isOptional": false,
                "pronoun": []
              },
              "predicate": {
                "content": [
                  {
                    "index": 25,
                    "text": "is"
                  },
                  {
                    "index": 26,
                    "text": "referred"
                  },
                  {
                    "index": 27,
                    "text": "to"
                  },
                  {
                    "index": 28,
                    "text": "as"
                  }
                ],
                "isOptional": false,
                "pronoun": []
              },
              "object": {
                "content": [
                  {
                    "index": 29,
                    "text": "what"
                  }
                ],
                "isOptional": false,
                "pronoun": []
              }
            },
            "isOptional": false,
            "pronoun": []
          }
        },
        "isOptional": false,
        "pronoun": []
      }
    }
  ]
}