{
  "sentence": "What cast member of Flashbacks of a Fool was educated at Bryanston School in Blandford, Dorset ?",
  "structure": [
    [
      "subject",
      "verb",
      "adverbial",
      "adverbial"
    ]
  ],
  "relations": [
    {
      "subject": {
        "content": {
          "subject": {
            "content": [
              {
                "index": 0,
                "text": "what"
              },
              {
                "index": 1,
                "text": "cast"
              },
              {
                "index": 2,
                "text": "member"
              }
            ],
            "isOptional": false,
            "pronoun": []
          },
          "predicate": {
            "content": [
              {
                "index": 3,
                "text": "of"
              }
            ],
            "isOptional": false,
            "pronoun": []
          },
          "object": {
            "content": [
              {
                "index": 4,
                "text": "Flashbacks"
              },
              {
                "index": 5,
                "text": "of"
              },
              {
                "index": 6,
                "text": "a"
              },
              {
                "index": 7,
                "text": "Fool"
              }
            ],
            "isOptional": false,
            "pronoun": []
          }
        },
        "isOptional": false,
        "pronoun": []
      },
      "predicate": {
        "content": [
          {
            "index": 8,
            "text": "was"
          },
          {
            "index": 9,
            "text": "educated"
          },
          {
            "index": 10,
            "text": "at"
          }
        ],
        "isOptional": false,
        "pronoun": []
      },
      "object": {
        "content": {
          "subject": {
            "content": [
              {
                "index": 11,
                "text": "Bryanston"
              },
              {
                "index": 12,
                "text": "School"
              }
            ],
            "isOptional": false,
            "pronoun": []
          },
          "predicate": {
            "content": [
              {
                "index": 13,
                "text": "in"
              }
            ],
            "isOptional": false,
            "pronoun": []
          },
          "object": {
            "content": [
              {
                "index": 14,
                "text": "Blandford"
              },
              {
                "index": 15,
                "text": "Dorset"
              }
            ],
            "isOptional": false,
            "pronoun": []
          }
        },
        "isOptional": false,
        "pronoun": []
      }
    }
  ]
}