{
  "sentence": "What US city between New York and Quebec Canada was the most effected during the Taconic orogeny ?",
  "structure": [
    [
      {
        "clauseType": "subject",
        "clauseStructure": [
          "subject",
          "adverbial"
        ]
      },
      "verb",
      "object",
      "adverbial"
    ]
  ],
  "relations": [
    {
      "subject": {
        "content": {
          "subject": {
            "content": [
              {
                "index": 0,
                "text": "what"
              },
              {
                "index": 1,
                "text": "US"
              },
              {
                "index": 2,
                "text": "city"
              }
            ],
            "isOptional": false,
            "pronoun": []
          },
          "predicate": {
            "content": [
              {
                "index": 3,
                "text": "between"
              }
            ],
            "isOptional": false,
            "pronoun": []
          },
          "object": {
            "content": {
              "subject": {
                "content": [
                  {
                    "index": 4,
                    "text": "New"
                  },
                  {
                    "index": 5,
                    "text": "York"
                  }
                ],
                "isOptional": false,
                "pronoun": []
              },
              "predicate": {
                "content": [
                  {
                    "index": -1,
                    "text": "AND"
                  }
                ],
                "isOptional": false,
                "pronoun": []
              },
              "object": {
                "content": [
                  {
                    "index": 7,
                    "text": "Quebec"
                  },
                  {
                    "index": 8,
                    "text": "Canada"
                  }
                ],
                "isOptional": false,
                "pronoun": []
              }
            },
            "isOptional": false,
            "pronoun": []
          }
        },
        "isOptional": false,
        "pronoun": []
      },
      "predicate": {
        "content": [
          {
            "index": 9,
            "text": "was"
          }
        ],
        "isOptional": false,
        "pronoun": []
      },
      "object": {
        "content": {
          "subject": {
            "content": [
              {
                "index": 10,
                "text": "the"
              },
              {
                "index": 11,
                "text": "most"
              },
              {
                "index": 12,
                "text": "effected"
              }
            ],
            "isOptional": false,
            "pronoun": []
          },
          "predicate": {
            "content": [
              {
                "index": 13,
                "text": "during"
              }
            ],
            "isOptional": false,
            "pronoun": []
          },
          "object": {
            "content": [
              {
                "index": 14,
                "text": "the"
              },
              {
                "index": 15,
                "text": "Taconic"
              },
              {
                "index": 16,
                "text": "orogeny"
              }
            ],
            "isOptional": false,
            "pronoun": []
          }
        },
        "isOptional": false,
        "pronoun": []
      }
    }
  ]
}