{
  "sentence": "Wagner Moura received what nomination for playing the lead role of \"The King of Cocaine\" ? ",
  "structure": [
    [
      "subject",
      "verb",
      "object",
      {
        "clauseType": "adverbial",
        "clauseStructure": [
          "verb",
          "object"
        ]
      }
    ]
  ],
  "relations": [
    {
      "subject": {
        "content": [
          {
            "index": 0,
            "text": "Wagner"
          },
          {
            "index": 0,
            "text": "Wagner"
          },
          {
            "index": 1,
            "text": "Moura"
          },
          {
            "index": 1,
            "text": "Moura"
          }
        ],
        "isOptional": false,
        "pronoun": []
      },
      "predicate": {
        "content": [
          {
            "index": 2,
            "text": "received"
          }
        ],
        "isOptional": false,
        "pronoun": []
      },
      "object": {
        "content": {
          "subject": {
            "content": [
              {
                "index": 3,
                "text": "what"
              },
              {
                "index": 4,
                "text": "nomination"
              }
            ],
            "isOptional": false,
            "pronoun": []
          },
          "predicate": {
            "content": [
              {
                "index": 5,
                "text": "for"
              },
              {
                "index": 6,
                "text": "playing"
              }
            ],
            "isOptional": false,
            "pronoun": []
          },
          "object": {
            "content": {
              "subject": {
                "content": [
                  {
                    "index": 7,
                    "text": "the"
                  },
                  {
                    "index": 8,
                    "text": "lead"
                  },
                  {
                    "index": 9,
                    "text": "role"
                  }
                ],
                "isOptional": false,
                "pronoun": []
              },
              "predicate": {
                "content": [
                  {
                    "index": 10,
                    "text": "of"
                  }
                ],
                "isOptional": false,
                "pronoun": []
              },
              "object": {
                "content": {
                  "subject": {
                    "content": [
                      {
                        "index": 11,
                        "text": "The"
                      },
                      {
                        "index": 12,
                        "text": "King"
                      }
                    ],
                    "isOptional": false,
                    "pronoun": []
                  },
                  "predicate": {
                    "content": [
                      {
                        "index": 13,
                        "text": "of"
                      }
                    ],
                    "isOptional": false,
                    "pronoun": []
                  },
                  "object": {
                    "content": [
                      {
                        "index": 14,
                        "text": "Cocaine"
                      }
                    ],
                    "isOptional": false,
                    "pronoun": []
                  }
                },
                "isOptional": false,
                "pronoun": []
              }
            },
            "isOptional": false,
            "pronoun": []
          }
        },
        "isOptional": false,
        "pronoun": []
      }
    }
  ]
}