{
  "sentence": "Which swiss watch company was forced to merge by the swiss banks in 1983 ?",
  "structure": [
    [
      "subject",
      "verb",
      {
        "clauseType": "adverbial",
        "clauseStructure": [
          "verb",
          "adverbial",
          "adverbial"
        ]
      }
    ]
  ],
  "relations": [
    {
      "subject": {
        "content": [
          {
            "index": 0,
            "text": "which"
          },
          {
            "index": 1,
            "text": "swiss"
          },
          {
            "index": 2,
            "text": "watch"
          },
          {
            "index": 3,
            "text": "company"
          }
        ],
        "isOptional": false,
        "pronoun": []
      },
      "predicate": {
        "content": {
          "subject": {
            "content": [
              {
                "index": 4,
                "text": "was"
              },
              {
                "index": 5,
                "text": "forced"
              }
            ],
            "isOptional": false,
            "pronoun": []
          },
          "predicate": {
            "content": [
              {
                "index": 6,
                "text": "to"
              }
            ],
            "isOptional": false,
            "pronoun": []
          },
          "object": {
            "content": [
              {
                "index": 7,
                "text": "merge"
              },
              {
                "index": 8,
                "text": "by"
              }
            ],
            "isOptional": false,
            "pronoun": []
          }
        },
        "isOptional": false,
        "pronoun": []
      },
      "object": {
        "content": {
          "subject": {
            "content": [
              {
                "index": 9,
                "text": "the"
              },
              {
                "index": 10,
                "text": "swiss"
              },
              {
                "index": 11,
                "text": "banks"
              }
            ],
            "isOptional": false,
            "pronoun": []
          },
          "predicate": {
            "content": [
              {
                "index": 12,
                "text": "in"
              }
            ],
            "isOptional": false,
            "pronoun": []
          },
          "object": {
            "content": [
              {
                "index": 13,
                "text": "1983"
              }
            ],
            "isOptional": false,
            "pronoun": []
          }
        },
        "isOptional": false,
        "pronoun": []
      }
    }
  ]
}