{
  "sentence": "Which band was formed first Killing Joke or Acceptance  ?",
  "structure": [
    [
      "subject",
      "verb"
    ]
  ],
  "relations": [
    {
      "subject": {
        "content": {
          "subject": {
            "content": [
              {
                "index": 0,
                "text": "which"
              },
              {
                "index": 1,
                "text": "band"
              }
            ],
            "isOptional": false,
            "pronoun": []
          },
          "predicate": {
            "content": [
              {
                "index": -1,
                "text": "BE"
              }
            ],
            "isOptional": false,
            "pronoun": []
          },
          "object": {
            "content": {
              "subject": {
                "content": [
                  {
                    "index": 5,
                    "text": "Killing"
                  },
                  {
                    "index": 6,
                    "text": "Joke"
                  }
                ],
                "isOptional": false,
                "pronoun": []
              },
              "predicate": {
                "content": [
                  {
                    "index": -1,
                    "text": "OR"
                  }
                ],
                "isOptional": false,
                "pronoun": []
              },
              "object": {
                "content": [
                  {
                    "index": 8,
                    "text": "Acceptance"
                  }
                ],
                "isOptional": false,
                "pronoun": []
              }
            },
            "isOptional": false,
            "pronoun": []
          }
        },
        "isOptional": false,
        "pronoun": []
      },
      "predicate": {
        "content": [
          {
            "index": 2,
            "text": "was"
          },
          {
            "index": 3,
            "text": "formed"
          },
          {
            "index": 4,
            "text": "first"
          }
        ],
        "isOptional": false,
        "pronoun": []
      },
      "object": {
        "content": "",
        "isOptional": false,
        "pronoun": []
      }
    }
  ]
}