{
  "sentence": "Which Sudanese-born Australian professional basketball player for the Milwaukee Bucks exemplifies that players do not have to play at least a year in college basketball before being drafted into the NBA ?",
  "structure": [
    [
      "subject",
      "verb",
      {
        "clauseType": "object",
        "clauseStructure": [
          "subject",
          "verb",
          "object",
          "adverbial",
          "adverbial",
          "adverbial"
        ]
      }
    ]
  ],
  "relations": [
    {
      "subject": {
        "content": {
          "subject": {
            "content": [
              {
                "index": 0,
                "text": "which"
              },
              {
                "index": 1,
                "text": "Sudanese-born"
              },
              {
                "index": 2,
                "text": "Australian"
              },
              {
                "index": 3,
                "text": "professional"
              },
              {
                "index": 4,
                "text": "basketball"
              },
              {
                "index": 5,
                "text": "player"
              }
            ],
            "isOptional": false,
            "pronoun": []
          },
          "predicate": {
            "content": [
              {
                "index": 6,
                "text": "for"
              }
            ],
            "isOptional": false,
            "pronoun": []
          },
          "object": {
            "content": [
              {
                "index": 8,
                "text": "Milwaukee"
              },
              {
                "index": 9,
                "text": "Bucks"
              }
            ],
            "isOptional": false,
            "pronoun": []
          }
        },
        "isOptional": false,
        "pronoun": []
      },
      "predicate": {
        "content": [
          {
            "index": 10,
            "text": "exemplifies"
          }
        ],
        "isOptional": false,
        "pronoun": []
      },
      "object": {
        "content": {
          "subject": {
            "content": {
              "subject": {
                "content": [
                  {
                    "index": 12,
                    "text": "players"
                  }
                ],
                "isOptional": false,
                "pronoun": []
              },
              "predicate": {
                "content": {
                  "subject": {
                    "content": [
                      {
                        "index": 13,
                        "text": "do"
                      },
                      {
                        "index": 14,
                        "text": "not"
                      },
                      {
                        "index": 15,
                        "text": "have"
                      }
                    ],
                    "isOptional": false,
                    "pronoun": []
                  },
                  "predicate": {
                    "content": [
                      {
                        "index": 16,
                        "text": "to"
                      }
                    ],
                    "isOptional": false,
                    "pronoun": []
                  },
                  "object": {
                    "content": [
                      {
                        "index": 17,
                        "text": "play"
                      }
                    ],
                    "isOptional": false,
                    "pronoun": []
                  }
                },
                "isOptional": false,
                "pronoun": []
              },
              "object": {
                "content": [
                  {
                    "index": 18,
                    "text": "at"
                  },
                  {
                    "index": 19,
                    "text": "least"
                  },
                  {
                    "index": 20,
                    "text": "a"
                  },
                  {
                    "index": 21,
                    "text": "year"
                  }
                ],
                "isOptional": false,
                "pronoun": []
              }
            },
            "isOptional": false,
            "pronoun": []
          },
          "predicate": {
            "content": [
              {
                "index": 22,
                "text": "in"
              }
            ],
            "isOptional": false,
            "pronoun": []
          },
          "object": {
            "content": {
              "subject": {
                "content": [
                  {
                    "index": 23,
                    "text": "college"
                  },
                  {
                    "index": 24,
                    "text": "basketball"
                  }
                ],
                "isOptional": false,
                "pronoun": []
              },
              "predicate": {
                "content": {
                  "subject": {
                    "content": [
                      {
                        "index": 25,
                        "text": "before"
                      }
                    ],
                    "isOptional": false,
                    "pronoun": []
                  },
                  "predicate": {
                    "content": [
                      {
                        "index": 26,
                        "text": "being"
                      },
                      {
                        "index": 27,
                        "text": "drafted"
                      }
                    ],
                    "isOptional": false,
                    "pronoun": []
                  },
                  "object": {
                    "content": [
                      {
                        "index": 28,
                        "text": "into"
                      }
                    ],
                    "isOptional": false,
                    "pronoun": []
                  }
                },
                "isOptional": false,
                "pronoun": []
              },
              "object": {
                "content": [
                  {
                    "index": 29,
                    "text": "the"
                  },
                  {
                    "index": 30,
                    "text": "NBA"
                  }
                ],
                "isOptional": false,
                "pronoun": []
              }
            },
            "isOptional": false,
            "pronoun": []
          }
        },
        "isOptional": false,
        "pronoun": []
      }
    }
  ]
}