{
  "sentence": "How much longer after Sambou Yatabaré was born did Werder Bremen get founded in the northwest German federal state Free Hanseatic City of Bremen ?",
  "structure": [
    [
      "adverbial",
      {
        "clauseType": "adverbial",
        "clauseStructure": [
          "subject",
          "verb"
        ]
      },
      "subject",
      "verb",
      "adverbial"
    ]
  ],
  "relations": [
    {
      "subject": {
        "content": {
          "subject": {
            "content": [
              {
                "index": 9,
                "text": "Werder"
              },
              {
                "index": 10,
                "text": "Bremen"
              }
            ],
            "isOptional": false,
            "pronoun": []
          },
          "predicate": {
            "content": [
              {
                "index": 11,
                "text": "get"
              },
              {
                "index": 12,
                "text": "founded"
              },
              {
                "index": 13,
                "text": "in"
              }
            ],
            "isOptional": false,
            "pronoun": []
          },
          "object": {
            "content": {
              "subject": {
                "content": [
                  {
                    "index": 14,
                    "text": "the"
                  },
                  {
                    "index": 15,
                    "text": "northwest"
                  },
                  {
                    "index": 16,
                    "text": "German"
                  },
                  {
                    "index": 17,
                    "text": "federal"
                  }
                ],
                "isOptional": false,
                "pronoun": []
              },
              "predicate": {
                "content": [
                  {
                    "index": 18,
                    "text": "state"
                  }
                ],
                "isOptional": false,
                "pronoun": []
              },
              "object": {
                "content": {
                  "subject": {
                    "content": [
                      {
                        "index": 19,
                        "text": "Free"
                      },
                      {
                        "index": 20,
                        "text": "Hanseatic"
                      },
                      {
                        "index": 21,
                        "text": "City"
                      }
                    ],
                    "isOptional": false,
                    "pronoun": []
                  },
                  "predicate": {
                    "content": [
                      {
                        "index": 22,
                        "text": "of"
                      }
                    ],
                    "isOptional": false,
                    "pronoun": []
                  },
                  "object": {
                    "content": [
                      {
                        "index": 23,
                        "text": "Bremen"
                      }
                    ],
                    "isOptional": false,
                    "pronoun": []
                  }
                },
                "isOptional": false,
                "pronoun": []
              }
            },
            "isOptional": false,
            "pronoun": []
          }
        },
        "isOptional": false,
        "pronoun": []
      },
      "predicate": {
        "content": [
          {
            "index": -1,
            "text": "CONSTRAIN"
          }
        ],
        "isOptional": false,
        "pronoun": []
      },
      "object": {
        "content": {
          "subject": {
            "content": [
              {
                "index": 0,
                "text": "how"
              },
              {
                "index": 1,
                "text": "much"
              },
              {
                "index": 2,
                "text": "longer"
              }
            ],
            "isOptional": false,
            "pronoun": []
          },
          "predicate": {
            "content": [
              {
                "index": 3,
                "text": "after"
              }
            ],
            "isOptional": false,
            "pronoun": []
          },
          "object": {
            "content": [
              {
                "index": 4,
                "text": "Sambou"
              },
              {
                "index": 5,
                "text": "Yatabaré"
              }
            ],
            "isOptional": false,
            "pronoun": []
          }
        },
        "isOptional": false,
        "pronoun": []
      }
    }
  ]
}