{
  "sentence": "Were the board games, Clans and Drunter und Drüber, both created by Leo Colovini ?",
  "structure": [
    [
      "subject",
      "verb",
      "adverbial"
    ]
  ],
  "relations": [
    {
      "subject": {
        "content": {
          "subject": {
            "content": [
              {
                "index": 1,
                "text": "the"
              },
              {
                "index": 2,
                "text": "board"
              },
              {
                "index": 3,
                "text": "games"
              }
            ],
            "isOptional": false,
            "pronoun": []
          },
          "predicate": {
            "content": [
              {
                "index": -1,
                "text": "BE"
              }
            ],
            "isOptional": false,
            "pronoun": []
          },
          "object": {
            "content": {
              "subject": {
                "content": [
                  {
                    "index": 4,
                    "text": "Clans"
                  }
                ],
                "isOptional": false,
                "pronoun": []
              },
              "predicate": {
                "content": [
                  {
                    "index": -1,
                    "text": "AND"
                  }
                ],
                "isOptional": false,
                "pronoun": []
              },
              "object": {
                "content": [
                  {
                    "index": 6,
                    "text": "Drunter"
                  },
                  {
                    "index": 7,
                    "text": "und"
                  },
                  {
                    "index": 8,
                    "text": "Drüber"
                  }
                ],
                "isOptional": false,
                "pronoun": []
              }
            },
            "isOptional": false,
            "pronoun": []
          }
        },
        "isOptional": false,
        "pronoun": []
      },
      "predicate": {
        "content": [
          {
            "index": 10,
            "text": "created"
          },
          {
            "index": 11,
            "text": "by"
          }
        ],
        "isOptional": false,
        "pronoun": []
      },
      "object": {
        "content": [
          {
            "index": 12,
            "text": "Leo"
          },
          {
            "index": 13,
            "text": "Colovini"
          }
        ],
        "isOptional": false,
        "pronoun": []
      }
    }
  ]
}