{
  "sentence": "Me and You and Everyone We Know was directed by an artist who also directed what 2011 film ?",
  "structure": [
    [
      "subject",
      "verb",
      {
        "clauseType": "adverbial",
        "clauseStructure": [
          "subject",
          "verb",
          "object"
        ]
      }
    ]
  ],
  "relations": [
    {
      "subject": {
        "content": {
          "subject": {
            "content": [
              {
                "index": 0,
                "text": "Me"
              },
              {
                "index": 1,
                "text": "and"
              },
              {
                "index": 2,
                "text": "You"
              }
            ],
            "isOptional": false,
            "pronoun": []
          },
          "predicate": {
            "content": [
              {
                "index": -1,
                "text": "AND"
              }
            ],
            "isOptional": false,
            "pronoun": []
          },
          "object": {
            "content": [
              {
                "index": 4,
                "text": "Everyone"
              },
              {
                "index": 5,
                "text": "We"
              },
              {
                "index": 6,
                "text": "Know"
              }
            ],
            "isOptional": false,
            "pronoun": []
          }
        },
        "isOptional": false,
        "pronoun": []
      },
      "predicate": {
        "content": [
          {
            "index": 7,
            "text": "was"
          },
          {
            "index": 8,
            "text": "directed"
          },
          {
            "index": 9,
            "text": "by"
          }
        ],
        "isOptional": false,
        "pronoun": []
      },
      "object": {
        "content": {
          "subject": {
            "content": [
              {
                "index": 10,
                "text": "an"
              },
              {
                "index": 11,
                "text": "artist"
              }
            ],
            "isOptional": false,
            "pronoun": []
          },
          "predicate": {
            "content": [
              {
                "index": 13,
                "text": "also"
              },
              {
                "index": 14,
                "text": "directed"
              }
            ],
            "isOptional": false,
            "pronoun": []
          },
          "object": {
            "content": [
              {
                "index": 15,
                "text": "what"
              },
              {
                "index": 16,
                "text": "2011"
              },
              {
                "index": 17,
                "text": "film"
              }
            ],
            "isOptional": false,
            "pronoun": []
          }
        },
        "isOptional": false,
        "pronoun": []
      }
    }
  ]
}