{
  "sentence": "Who made a hip-hop album with guest appearances from Justice, Lotek and Necro and also wrote semi-autobiographical crime books ?",
  "structure": [
    [
      "subject",
      "verb",
      "object",
      "adverbial",
      "adverbial"
    ],
    [
      "verb",
      "object"
    ]
  ],
  "relations": [
    {
      "subject": {
        "content": [
          {
            "index": 0,
            "text": "who"
          }
        ],
        "isOptional": false,
        "pronoun": []
      },
      "predicate": {
        "content": {
          "subject": {
            "content": {
              "subject": {
                "content": "",
                "isOptional": false,
                "pronoun": []
              },
              "predicate": {
                "content": [
                  {
                    "index": 1,
                    "text": "made"
                  }
                ],
                "isOptional": false,
                "pronoun": []
              },
              "object": {
                "content": {
                  "subject": {
                    "content": {
                      "subject": {
                        "content": [
                          {
                            "index": 2,
                            "text": "a"
                          },
                          {
                            "index": 3,
                            "text": "hip-hop"
                          },
                          {
                            "index": 4,
                            "text": "album"
                          }
                        ],
                        "isOptional": false,
                        "pronoun": []
                      },
                      "predicate": {
                        "content": [
                          {
                            "index": 5,
                            "text": "with"
                          }
                        ],
                        "isOptional": false,
                        "pronoun": []
                      },
                      "object": {
                        "content": [
                          {
                            "index": 6,
                            "text": "guest"
                          },
                          {
                            "index": 7,
                            "text": "appearances"
                          }
                        ],
                        "isOptional": false,
                        "pronoun": []
                      }
                    },
                    "isOptional": false,
                    "pronoun": []
                  },
                  "predicate": {
                    "content": [
                      {
                        "index": 8,
                        "text": "from"
                      }
                    ],
                    "isOptional": false,
                    "pronoun": []
                  },
                  "object": {
                    "content": {
                      "subject": {
                        "content": [
                          {
                            "index": 9,
                            "text": "Justice"
                          },
                          {
                            "index": 10,
                            "text": "Lotek"
                          }
                        ],
                        "isOptional": false,
                        "pronoun": []
                      },
                      "predicate": {
                        "content": [
                          {
                            "index": -1,
                            "text": "AND"
                          }
                        ],
                        "isOptional": false,
                        "pronoun": []
                      },
                      "object": {
                        "content": [
                          {
                            "index": 12,
                            "text": "Necro"
                          }
                        ],
                        "isOptional": false,
                        "pronoun": []
                      }
                    },
                    "isOptional": false,
                    "pronoun": []
                  }
                },
                "isOptional": false,
                "pronoun": []
              }
            },
            "isOptional": false,
            "pronoun": []
          },
          "predicate": {
            "content": [
              {
                "index": -1,
                "text": "AND"
              }
            ],
            "isOptional": false,
            "pronoun": []
          },
          "object": {
            "content": {
              "subject": {
                "content": "",
                "isOptional": false,
                "pronoun": []
              },
              "predicate": {
                "content": [
                  {
                    "index": 14,
                    "text": "also"
                  },
                  {
                    "index": 15,
                    "text": "wrote"
                  }
                ],
                "isOptional": false,
                "pronoun": []
              },
              "object": {
                "content": [
                  {
                    "index": 16,
                    "text": "semi-autobiographical"
                  },
                  {
                    "index": 17,
                    "text": "crime"
                  },
                  {
                    "index": 18,
                    "text": "books"
                  }
                ],
                "isOptional": false,
                "pronoun": []
              }
            },
            "isOptional": false,
            "pronoun": []
          }
        },
        "isOptional": false,
        "pronoun": []
      },
      "object": {
        "content": "",
        "isOptional": false,
        "pronoun": []
      }
    }
  ]
}