{
  "sentence": "The owner of radio station KWPW has the same name as an American character actor. What is it ?",
  "structure": [
    [
      "subject",
      "verb",
      "object",
      "adverbial"
    ],
    [
      "subject",
      "verb",
      "object"
    ]
  ],
  "relations": [
    {
      "subject": {
        "content": {
          "subject": {
            "content": [
              {
                "index": 0,
                "text": "the"
              },
              {
                "index": 1,
                "text": "owner"
              }
            ],
            "isOptional": false,
            "pronoun": []
          },
          "predicate": {
            "content": [
              {
                "index": 2,
                "text": "of"
              }
            ],
            "isOptional": false,
            "pronoun": []
          },
          "object": {
            "content": {
              "subject": {
                "content": [
                  {
                    "index": 3,
                    "text": "radio"
                  },
                  {
                    "index": 4,
                    "text": "station"
                  }
                ],
                "isOptional": false,
                "pronoun": []
              },
              "predicate": {
                "content": [
                  {
                    "index": -1,
                    "text": "BE"
                  }
                ],
                "isOptional": false,
                "pronoun": []
              },
              "object": {
                "content": [
                  {
                    "index": 5,
                    "text": "KWPW"
                  }
                ],
                "isOptional": false,
                "pronoun": []
              }
            },
            "isOptional": false,
            "pronoun": []
          }
        },
        "isOptional": false,
        "pronoun": []
      },
      "predicate": {
        "content": [
          {
            "index": 6,
            "text": "has"
          }
        ],
        "isOptional": false,
        "pronoun": []
      },
      "object": {
        "content": {
          "subject": {
            "content": [
              {
                "index": 7,
                "text": "the"
              },
              {
                "index": 8,
                "text": "same"
              },
              {
                "index": 9,
                "text": "name"
              }
            ],
            "isOptional": false,
            "pronoun": []
          },
          "predicate": {
            "content": [
              {
                "index": 10,
                "text": "as"
              }
            ],
            "isOptional": false,
            "pronoun": []
          },
          "object": {
            "content": [
              {
                "index": 11,
                "text": "an"
              },
              {
                "index": 12,
                "text": "American"
              },
              {
                "index": 13,
                "text": "character"
              },
              {
                "index": 14,
                "text": "actor"
              }
            ],
            "isOptional": false,
            "pronoun": []
          }
        },
        "isOptional": false,
        "pronoun": []
      }
    },
    {
      "subject": {
        "content": [
          {
            "index": 15,
            "text": "what"
          }
        ],
        "isOptional": false,
        "pronoun": []
      },
      "predicate": {
        "content": [
          {
            "index": 16,
            "text": "is"
          }
        ],
        "isOptional": false,
        "pronoun": []
      },
      "object": {
        "content": [
          {
            "index": 17,
            "text": "it"
          }
        ],
        "isOptional": false,
        "pronoun": [
          {
            "index": 7,
            "text": "the"
          },
          {
            "index": 8,
            "text": "same"
          },
          {
            "index": 9,
            "text": "name"
          }
        ]
      }
    }
  ]
}