{
  "sentence": "Is Lines on the Antiquity of Microbes briefer than any haiku ?",
  "structure": [
    [
      "verb",
      "subject",
      "adverbial",
      "adverbial"
    ]
  ],
  "relations": [
    {
      "subject": {
        "content": {
          "subject": {
            "content": [
              {
                "index": 1,
                "text": "Lines"
              }
            ],
            "isOptional": false,
            "pronoun": []
          },
          "predicate": {
            "content": [
              {
                "index": 2,
                "text": "on"
              }
            ],
            "isOptional": false,
            "pronoun": []
          },
          "object": {
            "content": {
              "subject": {
                "content": [
                  {
                    "index": 3,
                    "text": "the"
                  },
                  {
                    "index": 4,
                    "text": "Antiquity"
                  }
                ],
                "isOptional": false,
                "pronoun": []
              },
              "predicate": {
                "content": [
                  {
                    "index": 5,
                    "text": "of"
                  }
                ],
                "isOptional": false,
                "pronoun": []
              },
              "object": {
                "content": [
                  {
                    "index": 6,
                    "text": "Microbes"
                  }
                ],
                "isOptional": false,
                "pronoun": []
              }
            },
            "isOptional": false,
            "pronoun": []
          }
        },
        "isOptional": false,
        "pronoun": []
      },
      "predicate": {
        "content": [
          {
            "index": 7,
            "text": "briefer"
          },
          {
            "index": 8,
            "text": "than"
          }
        ],
        "isOptional": false,
        "pronoun": []
      },
      "object": {
        "content": [
          {
            "index": 9,
            "text": "any"
          },
          {
            "index": 10,
            "text": "haiku"
          }
        ],
        "isOptional": false,
        "pronoun": []
      }
    }
  ]
}