{
  "sentence": "Did President William Howard Taft read DC Comics ?",
  "structure": [
    [
      "subject",
      "verb",
      "object"
    ]
  ],
  "relations": [
    {
      "subject": {
        "content": {
          "subject": {
            "content": [
              {
                "index": 1,
                "text": "President"
              }
            ],
            "isOptional": false,
            "pronoun": []
          },
          "predicate": {
            "content": [
              {
                "index": -1,
                "text": "BE"
              }
            ],
            "isOptional": false,
            "pronoun": []
          },
          "object": {
            "content": [
              {
                "index": 2,
                "text": "William"
              },
              {
                "index": 3,
                "text": "Howard"
              },
              {
                "index": 4,
                "text": "Taft"
              }
            ],
            "isOptional": false,
            "pronoun": []
          }
        },
        "isOptional": false,
        "pronoun": []
      },
      "predicate": {
        "content": [
          {
            "index": 5,
            "text": "read"
          }
        ],
        "isOptional": false,
        "pronoun": []
      },
      "object": {
        "content": [
          {
            "index": 6,
            "text": "DC"
          },
          {
            "index": 7,
            "text": "Comics"
          }
        ],
        "isOptional": false,
        "pronoun": []
      }
    }
  ]
}