{
  "sentence": "Does the central processing unit usually have a dedicated fan ?",
  "structure": [
    [
      "subject",
      "verb",
      "object"
    ]
  ],
  "relations": [
    {
      "subject": {
        "content": [
          {
            "index": 1,
            "text": "the"
          },
          {
            "index": 2,
            "text": "central"
          },
          {
            "index": 3,
            "text": "processing"
          },
          {
            "index": 4,
            "text": "unit"
          }
        ],
        "isOptional": false,
        "pronoun": []
      },
      "predicate": {
        "content": [
          {
            "index": 5,
            "text": "usually"
          },
          {
            "index": 6,
            "text": "have"
          }
        ],
        "isOptional": false,
        "pronoun": []
      },
      "object": {
        "content": [
          {
            "index": 7,
            "text": "a"
          },
          {
            "index": 8,
            "text": "dedicated"
          },
          {
            "index": 9,
            "text": "fan"
          }
        ],
        "isOptional": false,
        "pronoun": []
      }
    }
  ]
}