{
  "sentence": "Are lengths measured in metres in the UK ?",
  "structure": [
    [
      "subject",
      "verb",
      "adverbial",
      "adverbial"
    ]
  ],
  "relations": [
    {
      "subject": {
        "content": [
          {
            "index": 1,
            "text": "lengths"
          }
        ],
        "isOptional": false,
        "pronoun": []
      },
      "predicate": {
        "content": [
          {
            "index": 0,
            "text": "are"
          },
          {
            "index": 2,
            "text": "measured"
          },
          {
            "index": 3,
            "text": "in"
          }
        ],
        "isOptional": false,
        "pronoun": []
      },
      "object": {
        "content": {
          "subject": {
            "content": [
              {
                "index": 4,
                "text": "metres"
              }
            ],
            "isOptional": false,
            "pronoun": []
          },
          "predicate": {
            "content": [
              {
                "index": 5,
                "text": "in"
              }
            ],
            "isOptional": false,
            "pronoun": []
          },
          "object": {
            "content": [
              {
                "index": 6,
                "text": "the"
              },
              {
                "index": 7,
                "text": "UK"
              }
            ],
            "isOptional": false,
            "pronoun": []
          }
        },
        "isOptional": false,
        "pronoun": []
      }
    }
  ]
}