{
  "sentence": "Will Communion be denied to Wednesday name origin followers ?",
  "structure": [
    [
      "subject",
      "verb",
      "adverbial"
    ]
  ],
  "relations": [
    {
      "subject": {
        "content": [
          {
            "index": 1,
            "text": "Communion"
          }
        ],
        "isOptional": false,
        "pronoun": []
      },
      "predicate": {
        "content": [
          {
            "index": 0,
            "text": "will"
          },
          {
            "index": 2,
            "text": "be"
          },
          {
            "index": 3,
            "text": "denied"
          },
          {
            "index": 4,
            "text": "to"
          }
        ],
        "isOptional": false,
        "pronoun": []
      },
      "object": {
        "content": [
          {
            "index": 5,
            "text": "Wednesday"
          },
          {
            "index": 6,
            "text": "name"
          },
          {
            "index": 7,
            "text": "origin"
          },
          {
            "index": 8,
            "text": "followers"
          }
        ],
        "isOptional": false,
        "pronoun": []
      }
    }
  ]
}