{
  "sentence": "Is Romeo and Juliet an unusual title to teach high schoolers ?",
  "structure": [
    [
      "verb",
      "subject",
      "object",
      {
        "clauseType": "adverbial",
        "clauseStructure": [
          "verb",
          "object"
        ]
      }
    ]
  ],
  "relations": [
    {
      "subject": {
        "content": {
          "subject": {
            "content": [
              {
                "index": 1,
                "text": "Romeo"
              }
            ],
            "isOptional": false,
            "pronoun": []
          },
          "predicate": {
            "content": [
              {
                "index": -1,
                "text": "AND"
              }
            ],
            "isOptional": false,
            "pronoun": []
          },
          "object": {
            "content": [
              {
                "index": 3,
                "text": "Juliet"
              }
            ],
            "isOptional": false,
            "pronoun": []
          }
        },
        "isOptional": false,
        "pronoun": []
      },
      "predicate": {
        "content": [
          {
            "index": 0,
            "text": "is"
          }
        ],
        "isOptional": false,
        "pronoun": []
      },
      "object": {
        "content": {
          "subject": {
            "content": [
              {
                "index": 4,
                "text": "an"
              },
              {
                "index": 5,
                "text": "unusual"
              },
              {
                "index": 6,
                "text": "title"
              }
            ],
            "isOptional": false,
            "pronoun": []
          },
          "predicate": {
            "content": [
              {
                "index": 7,
                "text": "to"
              },
              {
                "index": 8,
                "text": "teach"
              }
            ],
            "isOptional": false,
            "pronoun": []
          },
          "object": {
            "content": [
              {
                "index": 9,
                "text": "high"
              },
              {
                "index": 10,
                "text": "schoolers"
              }
            ],
            "isOptional": false,
            "pronoun": []
          }
        },
        "isOptional": false,
        "pronoun": []
      }
    }
  ]
}