{
  "sentence": "Will Chuck Norris be a nonagenarian by time next leap year after 2020 happens ?",
  "structure": [
    [
      "subject",
      "verb",
      "object",
      "adverbial",
      "adverbial"
    ]
  ],
  "relations": [
    {
      "subject": {
        "content": {
          "subject": {
            "content": [
              {
                "index": 1,
                "text": "Chuck"
              },
              {
                "index": 2,
                "text": "Norris"
              }
            ],
            "isOptional": false,
            "pronoun": []
          },
          "predicate": {
            "content": [
              {
                "index": 0,
                "text": "will"
              },
              {
                "index": 3,
                "text": "be"
              }
            ],
            "isOptional": false,
            "pronoun": []
          },
          "object": {
            "content": [
              {
                "index": 4,
                "text": "a"
              },
              {
                "index": 5,
                "text": "nonagenarian"
              }
            ],
            "isOptional": false,
            "pronoun": []
          }
        },
        "isOptional": false,
        "pronoun": []
      },
      "predicate": {
        "content": [
          {
            "index": 6,
            "text": "by"
          }
        ],
        "isOptional": false,
        "pronoun": []
      },
      "object": {
        "content": {
          "subject": {
            "content": [
              {
                "index": 7,
                "text": "time"
              },
              {
                "index": 8,
                "text": "next"
              },
              {
                "index": 9,
                "text": "leap"
              },
              {
                "index": 10,
                "text": "year"
              }
            ],
            "isOptional": false,
            "pronoun": []
          },
          "predicate": {
            "content": [
              {
                "index": 11,
                "text": "after"
              }
            ],
            "isOptional": false,
            "pronoun": []
          },
          "object": {
            "content": {
              "subject": {
                "content": [
                  {
                    "index": 12,
                    "text": "2020"
                  }
                ],
                "isOptional": false,
                "pronoun": []
              },
              "predicate": {
                "content": [
                  {
                    "index": 13,
                    "text": "happens"
                  }
                ],
                "isOptional": false,
                "pronoun": []
              },
              "object": {
                "content": "",
                "isOptional": false,
                "pronoun": []
              }
            },
            "isOptional": false,
            "pronoun": []
          }
        },
        "isOptional": false,
        "pronoun": []
      }
    }
  ]
}