{
  "sentence": "Do mollymawks live where albatrosses cannot ?",
  "structure": [
    [
      "subject",
      "verb",
      {
        "clauseType": "adverbial",
        "clauseStructure": [
          "subject",
          "verb"
        ]
      }
    ]
  ],
  "relations": [
    {
      "subject": {
        "content": [
          {
            "index": 1,
            "text": "mollymawks"
          }
        ],
        "isOptional": false,
        "pronoun": []
      },
      "predicate": {
        "content": [
          {
            "index": 2,
            "text": "live"
          }
        ],
        "isOptional": false,
        "pronoun": []
      },
      "object": {
        "content": {
          "subject": {
            "content": [
              {
                "index": 3,
                "text": "where"
              }
            ],
            "isOptional": false,
            "pronoun": []
          },
          "predicate": {
            "content": [
              {
                "index": -1,
                "text": "CONSTRAIN"
              }
            ],
            "isOptional": false,
            "pronoun": []
          },
          "object": {
            "content": {
              "subject": {
                "content": [
                  {
                    "index": 4,
                    "text": "albatrosses"
                  }
                ],
                "isOptional": false,
                "pronoun": []
              },
              "predicate": {
                "content": [
                  {
                    "index": 5,
                    "text": "cannot"
                  }
                ],
                "isOptional": false,
                "pronoun": []
              },
              "object": {
                "content": "",
                "isOptional": false,
                "pronoun": []
              }
            },
            "isOptional": false,
            "pronoun": []
          }
        },
        "isOptional": false,
        "pronoun": []
      }
    }
  ]
}