{
  "sentence": "Can your psychologist say hello to you while you are out at the supermarket ?",
  "structure": [
    [
      "subject",
      "verb",
      "object",
      "adverbial"
    ],
    [
      "subject",
      "verb",
      "complement",
      "adverbial"
    ]
  ],
  "relations": [
    {
      "subject": {
        "content": {
          "subject": {
            "content": [
              {
                "index": 1,
                "text": "your"
              },
              {
                "index": 2,
                "text": "psychologist"
              }
            ],
            "isOptional": false,
            "pronoun": []
          },
          "predicate": {
            "content": [
              {
                "index": 3,
                "text": "say"
              }
            ],
            "isOptional": false,
            "pronoun": []
          },
          "object": {
            "content": {
              "subject": {
                "content": [
                  {
                    "index": 4,
                    "text": "hello"
                  }
                ],
                "isOptional": false,
                "pronoun": []
              },
              "predicate": {
                "content": [
                  {
                    "index": 5,
                    "text": "to"
                  }
                ],
                "isOptional": false,
                "pronoun": []
              },
              "object": {
                "content": [
                  {
                    "index": 6,
                    "text": "you"
                  }
                ],
                "isOptional": false,
                "pronoun": []
              }
            },
            "isOptional": false,
            "pronoun": []
          }
        },
        "isOptional": false,
        "pronoun": []
      },
      "predicate": {
        "content": [
          {
            "index": 7,
            "text": "while"
          }
        ],
        "isOptional": false,
        "pronoun": []
      },
      "object": {
        "content": {
          "subject": {
            "content": [
              {
                "index": 8,
                "text": "you"
              }
            ],
            "isOptional": false,
            "pronoun": []
          },
          "predicate": {
            "content": [
              {
                "index": 9,
                "text": "are"
              }
            ],
            "isOptional": false,
            "pronoun": []
          },
          "object": {
            "content": {
              "subject": {
                "content": [
                  {
                    "index": 10,
                    "text": "out"
                  }
                ],
                "isOptional": false,
                "pronoun": []
              },
              "predicate": {
                "content": [
                  {
                    "index": 11,
                    "text": "at"
                  }
                ],
                "isOptional": false,
                "pronoun": []
              },
              "object": {
                "content": [
                  {
                    "index": 12,
                    "text": "the"
                  },
                  {
                    "index": 13,
                    "text": "supermarket"
                  }
                ],
                "isOptional": false,
                "pronoun": []
              }
            },
            "isOptional": false,
            "pronoun": []
          }
        },
        "isOptional": false,
        "pronoun": []
      }
    }
  ]
}