{
  "sentence": "Is Earth Day celebrated in summer ?",
  "structure": [
    [
      "subject",
      "verb",
      "adverbial"
    ]
  ],
  "relations": [
    {
      "subject": {
        "content": [
          {
            "index": 1,
            "text": "Earth"
          },
          {
            "index": 2,
            "text": "Day"
          }
        ],
        "isOptional": false,
        "pronoun": []
      },
      "predicate": {
        "content": [
          {
            "index": 0,
            "text": "is"
          },
          {
            "index": 3,
            "text": "celebrated"
          },
          {
            "index": 4,
            "text": "in"
          }
        ],
        "isOptional": false,
        "pronoun": []
      },
      "object": {
        "content": [
          {
            "index": 5,
            "text": "summer"
          }
        ],
        "isOptional": false,
        "pronoun": []
      }
    }
  ]
}