{
  "sentence": "Could all Tahiti hotels hypothetically accommodate US D-Day troops ?",
  "structure": [
    [
      "subject",
      "verb",
      "object"
    ]
  ],
  "relations": [
    {
      "subject": {
        "content": [
          {
            "index": 1,
            "text": "all"
          },
          {
            "index": 2,
            "text": "Tahiti"
          },
          {
            "index": 3,
            "text": "hotels"
          }
        ],
        "isOptional": false,
        "pronoun": []
      },
      "predicate": {
        "content": [
          {
            "index": 0,
            "text": "could"
          },
          {
            "index": 4,
            "text": "hypothetically"
          },
          {
            "index": 5,
            "text": "accommodate"
          }
        ],
        "isOptional": false,
        "pronoun": []
      },
      "object": {
        "content": [
          {
            "index": 6,
            "text": "US"
          },
          {
            "index": 7,
            "text": "D-Day"
          },
          {
            "index": 8,
            "text": "troops"
          }
        ],
        "isOptional": false,
        "pronoun": []
      }
    }
  ]
}