{
  "sentence": "Would Şerafeddin Sabuncuoğlu have eaten Börek ?",
  "structure": [
    [
      "subject",
      "verb",
      "object"
    ]
  ],
  "relations": [
    {
      "subject": {
        "content": [
          {
            "index": 1,
            "text": "Şerafeddin"
          },
          {
            "index": 2,
            "text": "Sabuncuoğlu"
          }
        ],
        "isOptional": false,
        "pronoun": []
      },
      "predicate": {
        "content": [
          {
            "index": 0,
            "text": "would"
          },
          {
            "index": 3,
            "text": "have"
          },
          {
            "index": 4,
            "text": "eaten"
          }
        ],
        "isOptional": false,
        "pronoun": []
      },
      "object": {
        "content": [
          {
            "index": 5,
            "text": "Börek"
          }
        ],
        "isOptional": false,
        "pronoun": []
      }
    }
  ]
}