{
  "sentence": "Can voice actors for Goofy and Bugs Bunny each get one stripe from American flag ?",
  "structure": [
    [
      "subject",
      "verb",
      "adverbial"
    ]
  ],
  "relations": [
    {
      "subject": {
        "content": {
          "subject": {
            "content": [
              {
                "index": 1,
                "text": "voice"
              },
              {
                "index": 2,
                "text": "actors"
              }
            ],
            "isOptional": false,
            "pronoun": []
          },
          "predicate": {
            "content": [
              {
                "index": 3,
                "text": "for"
              }
            ],
            "isOptional": false,
            "pronoun": []
          },
          "object": {
            "content": {
              "subject": {
                "content": [
                  {
                    "index": 4,
                    "text": "Goofy"
                  }
                ],
                "isOptional": false,
                "pronoun": []
              },
              "predicate": {
                "content": [
                  {
                    "index": -1,
                    "text": "AND"
                  }
                ],
                "isOptional": false,
                "pronoun": []
              },
              "object": {
                "content": [
                  {
                    "index": 6,
                    "text": "Bugs"
                  },
                  {
                    "index": 7,
                    "text": "Bunny"
                  }
                ],
                "isOptional": false,
                "pronoun": []
              }
            },
            "isOptional": false,
            "pronoun": []
          }
        },
        "isOptional": false,
        "pronoun": []
      },
      "predicate": {
        "content": [
          {
            "index": 9,
            "text": "get"
          }
        ],
        "isOptional": false,
        "pronoun": []
      },
      "object": {
        "content": {
          "subject": {
            "content": [
              {
                "index": 10,
                "text": "one"
              },
              {
                "index": 11,
                "text": "stripe"
              }
            ],
            "isOptional": false,
            "pronoun": []
          },
          "predicate": {
            "content": [
              {
                "index": 12,
                "text": "from"
              }
            ],
            "isOptional": false,
            "pronoun": []
          },
          "object": {
            "content": [
              {
                "index": 13,
                "text": "American"
              },
              {
                "index": 14,
                "text": "flag"
              }
            ],
            "isOptional": false,
            "pronoun": []
          }
        },
        "isOptional": false,
        "pronoun": []
      }
    }
  ]
}