{
  "sentence": "Can nitric acid break the Louvre ?",
  "structure": [
    [
      "subject",
      "verb",
      "object"
    ]
  ],
  "relations": [
    {
      "subject": {
        "content": [
          {
            "index": 1,
            "text": "nitric"
          },
          {
            "index": 2,
            "text": "acid"
          }
        ],
        "isOptional": false,
        "pronoun": []
      },
      "predicate": {
        "content": [
          {
            "index": 0,
            "text": "can"
          },
          {
            "index": 3,
            "text": "break"
          }
        ],
        "isOptional": false,
        "pronoun": []
      },
      "object": {
        "content": [
          {
            "index": 4,
            "text": "the"
          },
          {
            "index": 5,
            "text": "Louvre"
          }
        ],
        "isOptional": false,
        "pronoun": []
      }
    }
  ]
}