{
  "sentence": "Are there five different single-digit Fibonacci numbers ?",
  "structure": [
    [
      "verb",
      "subject",
      "object"
    ]
  ],
  "relations": [
    {
      "subject": {
        "content": [
          {
            "index": 1,
            "text": "there"
          }
        ],
        "isOptional": false,
        "pronoun": []
      },
      "predicate": {
        "content": [
          {
            "index": 0,
            "text": "are"
          }
        ],
        "isOptional": false,
        "pronoun": []
      },
      "object": {
        "content": [
          {
            "index": 2,
            "text": "five"
          },
          {
            "index": 3,
            "text": "different"
          },
          {
            "index": 4,
            "text": "single-digit"
          },
          {
            "index": 5,
            "text": "Fibonacci"
          },
          {
            "index": 6,
            "text": "numbers"
          }
        ],
        "isOptional": false,
        "pronoun": []
      }
    }
  ]
}