{
  "sentence": "Did Harvey Milk ever run for governor ?",
  "structure": [
    [
      "subject",
      "verb",
      "adverbial"
    ]
  ],
  "relations": [
    {
      "subject": {
        "content": [
          {
            "index": 1,
            "text": "Harvey"
          },
          {
            "index": 2,
            "text": "Milk"
          }
        ],
        "isOptional": false,
        "pronoun": []
      },
      "predicate": {
        "content": [
          {
            "index": 3,
            "text": "ever"
          },
          {
            "index": 4,
            "text": "run"
          },
          {
            "index": 5,
            "text": "for"
          }
        ],
        "isOptional": false,
        "pronoun": []
      },
      "object": {
        "content": [
          {
            "index": 6,
            "text": "governor"
          }
        ],
        "isOptional": false,
        "pronoun": []
      }
    }
  ]
}