{
  "sentence": "Could a hamster experience two leap years ?",
  "structure": [
    [
      "subject",
      "verb",
      "object"
    ]
  ],
  "relations": [
    {
      "subject": {
        "content": [
          {
            "index": 1,
            "text": "a"
          },
          {
            "index": 2,
            "text": "hamster"
          }
        ],
        "isOptional": false,
        "pronoun": []
      },
      "predicate": {
        "content": [
          {
            "index": 3,
            "text": "experience"
          }
        ],
        "isOptional": false,
        "pronoun": []
      },
      "object": {
        "content": [
          {
            "index": 4,
            "text": "two"
          },
          {
            "index": 5,
            "text": "leap"
          },
          {
            "index": 6,
            "text": "years"
          }
        ],
        "isOptional": false,
        "pronoun": []
      }
    }
  ]
}