{
  "sentence": "Do Shivambu practitioners believe ammonia is unhealthy ?",
  "structure": [
    [
      {
        "clauseType": "subject",
        "clauseStructure": [
          "subject",
          "verb",
          "object"
        ]
      },
      "verb",
      "complement"
    ]
  ],
  "relations": [
    {
      "subject": {
        "content": {
          "subject": {
            "content": [
              {
                "index": 1,
                "text": "Shivambu"
              },
              {
                "index": 2,
                "text": "practitioners"
              }
            ],
            "isOptional": false,
            "pronoun": []
          },
          "predicate": {
            "content": [
              {
                "index": 3,
                "text": "believe"
              }
            ],
            "isOptional": false,
            "pronoun": []
          },
          "object": {
            "content": [
              {
                "index": 4,
                "text": "ammonia"
              }
            ],
            "isOptional": false,
            "pronoun": []
          }
        },
        "isOptional": false,
        "pronoun": []
      },
      "predicate": {
        "content": [
          {
            "index": 5,
            "text": "is"
          }
        ],
        "isOptional": false,
        "pronoun": []
      },
      "object": {
        "content": [
          {
            "index": 6,
            "text": "unhealthy"
          }
        ],
        "isOptional": false,
        "pronoun": []
      }
    }
  ]
}