{
  "sentence": "Could an infant solve a sudoku puzzle ?",
  "structure": [
    [
      "subject",
      "verb",
      "object"
    ]
  ],
  "relations": [
    {
      "subject": {
        "content": [
          {
            "index": 1,
            "text": "an"
          },
          {
            "index": 2,
            "text": "infant"
          }
        ],
        "isOptional": false,
        "pronoun": []
      },
      "predicate": {
        "content": [
          {
            "index": 0,
            "text": "could"
          },
          {
            "index": 3,
            "text": "solve"
          }
        ],
        "isOptional": false,
        "pronoun": []
      },
      "object": {
        "content": [
          {
            "index": 4,
            "text": "a"
          },
          {
            "index": 5,
            "text": "sudoku"
          },
          {
            "index": 6,
            "text": "puzzle"
          }
        ],
        "isOptional": false,
        "pronoun": []
      }
    }
  ]
}