{
  "sentence": "Would Gomer Pyle salute a lieutenant ?",
  "structure": [
    [
      "subject",
      "verb",
      "object"
    ]
  ],
  "relations": [
    {
      "subject": {
        "content": [
          {
            "index": 1,
            "text": "Gomer"
          },
          {
            "index": 2,
            "text": "Pyle"
          }
        ],
        "isOptional": false,
        "pronoun": []
      },
      "predicate": {
        "content": [
          {
            "index": 0,
            "text": "would"
          },
          {
            "index": 3,
            "text": "salute"
          }
        ],
        "isOptional": false,
        "pronoun": []
      },
      "object": {
        "content": [
          {
            "index": 4,
            "text": "a"
          },
          {
            "index": 5,
            "text": "lieutenant"
          }
        ],
        "isOptional": false,
        "pronoun": []
      }
    }
  ]
}