{
  "sentence": "Tata Hexa can accomodate every Spice Girl ?",
  "structure": [
    [
      "subject",
      "verb",
      "object"
    ]
  ],
  "relations": [
    {
      "subject": {
        "content": [
          {
            "index": 0,
            "text": "Tata"
          },
          {
            "index": 1,
            "text": "Hexa"
          }
        ],
        "isOptional": false,
        "pronoun": []
      },
      "predicate": {
        "content": [
          {
            "index": 2,
            "text": "can"
          },
          {
            "index": 3,
            "text": "accomodate"
          }
        ],
        "isOptional": false,
        "pronoun": []
      },
      "object": {
        "content": [
          {
            "index": 4,
            "text": "every"
          },
          {
            "index": 5,
            "text": "Spice"
          },
          {
            "index": 6,
            "text": "Girl"
          }
        ],
        "isOptional": false,
        "pronoun": []
      }
    }
  ]
}