{
  "sentence": "Did Donatello use a smartphone ?",
  "structure": [
    [
      "subject",
      "verb",
      "object"
    ]
  ],
  "relations": [
    {
      "subject": {
        "content": [
          {
            "index": 1,
            "text": "Donatello"
          }
        ],
        "isOptional": false,
        "pronoun": []
      },
      "predicate": {
        "content": [
          {
            "index": 2,
            "text": "use"
          }
        ],
        "isOptional": false,
        "pronoun": []
      },
      "object": {
        "content": [
          {
            "index": 3,
            "text": "a"
          },
          {
            "index": 4,
            "text": "smartphone"
          }
        ],
        "isOptional": false,
        "pronoun": []
      }
    }
  ]
}