{
  "sentence": "Was Elizabeth II the Queen during the Persian Gulf War ?",
  "structure": [
    [
      "verb",
      "subject",
      "object",
      "adverbial"
    ]
  ],
  "relations": [
    {
      "subject": {
        "content": {
          "subject": {
            "content": [
              {
                "index": 1,
                "text": "Elizabeth"
              },
              {
                "index": 2,
                "text": "II"
              }
            ],
            "isOptional": false,
            "pronoun": []
          },
          "predicate": {
            "content": [
              {
                "index": 0,
                "text": "was"
              }
            ],
            "isOptional": false,
            "pronoun": []
          },
          "object": {
            "content": [
              {
                "index": 3,
                "text": "the"
              },
              {
                "index": 4,
                "text": "Queen"
              }
            ],
            "isOptional": false,
            "pronoun": []
          }
        },
        "isOptional": false,
        "pronoun": []
      },
      "predicate": {
        "content": [
          {
            "index": 5,
            "text": "during"
          }
        ],
        "isOptional": false,
        "pronoun": []
      },
      "object": {
        "content": [
          {
            "index": 6,
            "text": "the"
          },
          {
            "index": 7,
            "text": "Persian"
          },
          {
            "index": 8,
            "text": "Gulf"
          },
          {
            "index": 9,
            "text": "War"
          }
        ],
        "isOptional": false,
        "pronoun": []
      }
    }
  ]
}