{
  "sentence": "Is it understandable to compare a blood spatter pattern to a Jackson Pollock piece ?",
  "structure": [
    [
      "verb",
      "subject",
      "complement",
      {
        "clauseType": "adverbial",
        "clauseStructure": [
          "verb",
          "object",
          "adverbial"
        ]
      }
    ]
  ],
  "relations": [
    {
      "subject": {
        "content": [
          {
            "index": 1,
            "text": "it"
          }
        ],
        "isOptional": false,
        "pronoun": []
      },
      "predicate": {
        "content": [
          {
            "index": 0,
            "text": "is"
          }
        ],
        "isOptional": false,
        "pronoun": []
      },
      "object": {
        "content": {
          "subject": {
            "content": [
              {
                "index": 2,
                "text": "understandable"
              }
            ],
            "isOptional": false,
            "pronoun": []
          },
          "predicate": {
            "content": [
              {
                "index": 3,
                "text": "to"
              },
              {
                "index": 4,
                "text": "compare"
              }
            ],
            "isOptional": false,
            "pronoun": []
          },
          "object": {
            "content": {
              "subject": {
                "content": [
                  {
                    "index": 5,
                    "text": "a"
                  },
                  {
                    "index": 6,
                    "text": "blood"
                  },
                  {
                    "index": 7,
                    "text": "spatter"
                  },
                  {
                    "index": 8,
                    "text": "pattern"
                  }
                ],
                "isOptional": false,
                "pronoun": []
              },
              "predicate": {
                "content": [
                  {
                    "index": 9,
                    "text": "to"
                  }
                ],
                "isOptional": false,
                "pronoun": []
              },
              "object": {
                "content": [
                  {
                    "index": 10,
                    "text": "a"
                  },
                  {
                    "index": 11,
                    "text": "Jackson"
                  },
                  {
                    "index": 12,
                    "text": "Pollock"
                  },
                  {
                    "index": 13,
                    "text": "piece"
                  }
                ],
                "isOptional": false,
                "pronoun": []
              }
            },
            "isOptional": false,
            "pronoun": []
          }
        },
        "isOptional": false,
        "pronoun": []
      }
    }
  ]
}