{
  "sentence": "Can you purchase General Motors products at a movie theater ?",
  "structure": [
    [
      "subject",
      "verb",
      "object",
      "adverbial"
    ]
  ],
  "relations": [
    {
      "subject": {
        "content": {
          "subject": {
            "content": [
              {
                "index": 1,
                "text": "you"
              }
            ],
            "isOptional": false,
            "pronoun": []
          },
          "predicate": {
            "content": [
              {
                "index": 0,
                "text": "can"
              },
              {
                "index": 2,
                "text": "purchase"
              }
            ],
            "isOptional": false,
            "pronoun": []
          },
          "object": {
            "content": [
              {
                "index": 3,
                "text": "General"
              },
              {
                "index": 4,
                "text": "Motors"
              },
              {
                "index": 5,
                "text": "products"
              }
            ],
            "isOptional": false,
            "pronoun": []
          }
        },
        "isOptional": false,
        "pronoun": []
      },
      "predicate": {
        "content": [
          {
            "index": 6,
            "text": "at"
          }
        ],
        "isOptional": false,
        "pronoun": []
      },
      "object": {
        "content": [
          {
            "index": 7,
            "text": "a"
          },
          {
            "index": 8,
            "text": "movie"
          },
          {
            "index": 9,
            "text": "theater"
          }
        ],
        "isOptional": false,
        "pronoun": []
      }
    }
  ]
}