{
  "sentence": "Was only woman to serve as U.S. Speaker of the House alive during the attack on Pearl Harbor ?",
  "structure": [
    [
      "verb",
      "subject",
      {
        "clauseType": "adverbial",
        "clauseStructure": [
          "verb",
          "adverbial"
        ]
      },
      "adverbial",
      "adverbial"
    ]
  ],
  "relations": [
    {
      "subject": {
        "content": {
          "subject": {
            "content": {
              "subject": {
                "content": [
                  {
                    "index": 1,
                    "text": "only"
                  },
                  {
                    "index": 2,
                    "text": "woman"
                  }
                ],
                "isOptional": false,
                "pronoun": []
              },
              "predicate": {
                "content": {
                  "subject": {
                    "content": [
                      {
                        "index": 0,
                        "text": "was"
                      }
                    ],
                    "isOptional": false,
                    "pronoun": []
                  },
                  "predicate": {
                    "content": [
                      {
                        "index": 3,
                        "text": "to"
                      }
                    ],
                    "isOptional": false,
                    "pronoun": []
                  },
                  "object": {
                    "content": [
                      {
                        "index": 4,
                        "text": "serve"
                      },
                      {
                        "index": 5,
                        "text": "as"
                      }
                    ],
                    "isOptional": false,
                    "pronoun": []
                  }
                },
                "isOptional": false,
                "pronoun": []
              },
              "object": {
                "content": {
                  "subject": {
                    "content": [
                      {
                        "index": 6,
                        "text": "U.S."
                      },
                      {
                        "index": 7,
                        "text": "Speaker"
                      }
                    ],
                    "isOptional": false,
                    "pronoun": []
                  },
                  "predicate": {
                    "content": [
                      {
                        "index": 8,
                        "text": "of"
                      }
                    ],
                    "isOptional": false,
                    "pronoun": []
                  },
                  "object": {
                    "content": [
                      {
                        "index": 9,
                        "text": "the"
                      },
                      {
                        "index": 10,
                        "text": "House"
                      }
                    ],
                    "isOptional": false,
                    "pronoun": []
                  }
                },
                "isOptional": false,
                "pronoun": []
              }
            },
            "isOptional": false,
            "pronoun": []
          },
          "predicate": {
            "content": [
              {
                "index": -1,
                "text": "CONSTRAIN"
              }
            ],
            "isOptional": false,
            "pronoun": []
          },
          "object": {
            "content": [
              {
                "index": 11,
                "text": "alive"
              }
            ],
            "isOptional": false,
            "pronoun": []
          }
        },
        "isOptional": false,
        "pronoun": []
      },
      "predicate": {
        "content": [
          {
            "index": 12,
            "text": "during"
          }
        ],
        "isOptional": false,
        "pronoun": []
      },
      "object": {
        "content": {
          "subject": {
            "content": [
              {
                "index": 13,
                "text": "the"
              },
              {
                "index": 14,
                "text": "attack"
              }
            ],
            "isOptional": false,
            "pronoun": []
          },
          "predicate": {
            "content": [
              {
                "index": 15,
                "text": "on"
              }
            ],
            "isOptional": false,
            "pronoun": []
          },
          "object": {
            "content": [
              {
                "index": 16,
                "text": "Pearl"
              },
              {
                "index": 17,
                "text": "Harbor"
              }
            ],
            "isOptional": false,
            "pronoun": []
          }
        },
        "isOptional": false,
        "pronoun": []
      }
    }
  ]
}