{
  "sentence": "Did the iPhone usher in the scientific revolution ?",
  "structure": [
    [
      "subject",
      "verb",
      "adverbial"
    ]
  ],
  "relations": [
    {
      "subject": {
        "content": [
          {
            "index": 1,
            "text": "the"
          },
          {
            "index": 2,
            "text": "iPhone"
          }
        ],
        "isOptional": false,
        "pronoun": []
      },
      "predicate": {
        "content": [
          {
            "index": 3,
            "text": "usher"
          },
          {
            "index": 4,
            "text": "in"
          }
        ],
        "isOptional": false,
        "pronoun": []
      },
      "object": {
        "content": [
          {
            "index": 5,
            "text": "the"
          },
          {
            "index": 6,
            "text": "scientific"
          },
          {
            "index": 7,
            "text": "revolution"
          }
        ],
        "isOptional": false,
        "pronoun": []
      }
    }
  ]
}