{
  "sentence": "Is the Matrix a standalone movie ?",
  "structure": [
    [
      "subject",
      "verb",
      "object"
    ]
  ],
  "relations": [
    {
      "subject": {
        "content": [
          {
            "index": 1,
            "text": "the"
          },
          {
            "index": 2,
            "text": "Matrix"
          }
        ],
        "isOptional": false,
        "pronoun": []
      },
      "predicate": {
        "content": [
          {
            "index": 0,
            "text": "is"
          }
        ],
        "isOptional": false,
        "pronoun": []
      },
      "object": {
        "content": [
          {
            "index": 3,
            "text": "a"
          },
          {
            "index": 4,
            "text": "standalone"
          },
          {
            "index": 5,
            "text": "movie"
          }
        ],
        "isOptional": false,
        "pronoun": []
      }
    }
  ]
}