{
  "sentence": "Does Ludacris perform classical music ?",
  "structure": [
    [
      "subject",
      "verb",
      "object"
    ]
  ],
  "relations": [
    {
      "subject": {
        "content": [
          {
            "index": 1,
            "text": "Ludacris"
          }
        ],
        "isOptional": false,
        "pronoun": []
      },
      "predicate": {
        "content": [
          {
            "index": 2,
            "text": "perform"
          }
        ],
        "isOptional": false,
        "pronoun": []
      },
      "object": {
        "content": [
          {
            "index": 3,
            "text": "classical"
          },
          {
            "index": 4,
            "text": "music"
          }
        ],
        "isOptional": false,
        "pronoun": []
      }
    }
  ]
}