{
  "sentence": "Can a single honey bee sting multiple humans ?",
  "structure": [
    [
      "subject",
      "verb",
      "object"
    ]
  ],
  "relations": [
    {
      "subject": {
        "content": [
          {
            "index": 1,
            "text": "a"
          },
          {
            "index": 2,
            "text": "single"
          },
          {
            "index": 3,
            "text": "honey"
          },
          {
            "index": 4,
            "text": "bee"
          }
        ],
        "isOptional": false,
        "pronoun": []
      },
      "predicate": {
        "content": [
          {
            "index": 0,
            "text": "can"
          },
          {
            "index": 5,
            "text": "sting"
          }
        ],
        "isOptional": false,
        "pronoun": []
      },
      "object": {
        "content": [
          {
            "index": 6,
            "text": "multiple"
          },
          {
            "index": 7,
            "text": "humans"
          }
        ],
        "isOptional": false,
        "pronoun": []
      }
    }
  ]
}