{
  "sentence": "Is the Foreign and Commonwealth Office a European political agency ?",
  "structure": [
    [
      "verb",
      "subject",
      "object"
    ]
  ],
  "relations": [
    {
      "subject": {
        "content": {
          "subject": {
            "content": [
              {
                "index": 1,
                "text": "the"
              },
              {
                "index": 2,
                "text": "Foreign"
              }
            ],
            "isOptional": false,
            "pronoun": []
          },
          "predicate": {
            "content": [
              {
                "index": -1,
                "text": "AND"
              }
            ],
            "isOptional": false,
            "pronoun": []
          },
          "object": {
            "content": [
              {
                "index": 4,
                "text": "Commonwealth"
              },
              {
                "index": 5,
                "text": "Office"
              }
            ],
            "isOptional": false,
            "pronoun": []
          }
        },
        "isOptional": false,
        "pronoun": []
      },
      "predicate": {
        "content": [
          {
            "index": 0,
            "text": "is"
          }
        ],
        "isOptional": false,
        "pronoun": []
      },
      "object": {
        "content": [
          {
            "index": 6,
            "text": "a"
          },
          {
            "index": 7,
            "text": "European"
          },
          {
            "index": 8,
            "text": "political"
          },
          {
            "index": 9,
            "text": "agency"
          }
        ],
        "isOptional": false,
        "pronoun": []
      }
    }
  ]
}