{
  "sentence": "Is the tibia required for floor exercises ?",
  "structure": [
    [
      "subject",
      "verb",
      "adverbial"
    ]
  ],
  "relations": [
    {
      "subject": {
        "content": [
          {
            "index": 1,
            "text": "the"
          },
          {
            "index": 2,
            "text": "tibia"
          }
        ],
        "isOptional": false,
        "pronoun": []
      },
      "predicate": {
        "content": [
          {
            "index": 0,
            "text": "is"
          },
          {
            "index": 3,
            "text": "required"
          },
          {
            "index": 4,
            "text": "for"
          }
        ],
        "isOptional": false,
        "pronoun": []
      },
      "object": {
        "content": [
          {
            "index": 5,
            "text": "floor"
          },
          {
            "index": 6,
            "text": "exercises"
          }
        ],
        "isOptional": false,
        "pronoun": []
      }
    }
  ]
}