{
  "sentence": "Could a Jujutsu expert hypothetically defeat a Janissary ?",
  "structure": [
    [
      "subject",
      "verb",
      "object"
    ]
  ],
  "relations": [
    {
      "subject": {
        "content": [
          {
            "index": 1,
            "text": "a"
          },
          {
            "index": 2,
            "text": "Jujutsu"
          },
          {
            "index": 3,
            "text": "expert"
          }
        ],
        "isOptional": false,
        "pronoun": []
      },
      "predicate": {
        "content": [
          {
            "index": 0,
            "text": "could"
          },
          {
            "index": 4,
            "text": "hypothetically"
          },
          {
            "index": 5,
            "text": "defeat"
          }
        ],
        "isOptional": false,
        "pronoun": []
      },
      "object": {
        "content": [
          {
            "index": 6,
            "text": "a"
          },
          {
            "index": 7,
            "text": "Janissary"
          }
        ],
        "isOptional": false,
        "pronoun": []
      }
    }
  ]
}