{
  "sentence": "Is shoe soup innocuous ?",
  "structure": [
    [
      "verb",
      "subject",
      "complement"
    ]
  ],
  "relations": [
    {
      "subject": {
        "content": [
          {
            "index": 1,
            "text": "shoe"
          },
          {
            "index": 2,
            "text": "soup"
          }
        ],
        "isOptional": false,
        "pronoun": []
      },
      "predicate": {
        "content": [
          {
            "index": 0,
            "text": "is"
          }
        ],
        "isOptional": false,
        "pronoun": []
      },
      "object": {
        "content": [
          {
            "index": 3,
            "text": "innocuous"
          }
        ],
        "isOptional": false,
        "pronoun": []
      }
    }
  ]
}