{
  "sentence": "Does Mercury help detect coronavirus ?",
  "structure": [
    [
      "subject",
      "verb",
      "object"
    ]
  ],
  "relations": [
    {
      "subject": {
        "content": [
          {
            "index": 1,
            "text": "Mercury"
          }
        ],
        "isOptional": false,
        "pronoun": []
      },
      "predicate": {
        "content": [
          {
            "index": 2,
            "text": "help"
          },
          {
            "index": 3,
            "text": "detect"
          }
        ],
        "isOptional": false,
        "pronoun": []
      },
      "object": {
        "content": [
          {
            "index": 4,
            "text": "coronavirus"
          }
        ],
        "isOptional": false,
        "pronoun": []
      }
    }
  ]
}