{
  "sentence": "Can sunlight travel to the deepest part of the Black Sea ?",
  "structure": [
    [
      "subject",
      "verb",
      "adverbial"
    ]
  ],
  "relations": [
    {
      "subject": {
        "content": [
          {
            "index": 1,
            "text": "sunlight"
          }
        ],
        "isOptional": false,
        "pronoun": []
      },
      "predicate": {
        "content": [
          {
            "index": 0,
            "text": "can"
          },
          {
            "index": 2,
            "text": "travel"
          },
          {
            "index": 3,
            "text": "to"
          }
        ],
        "isOptional": false,
        "pronoun": []
      },
      "object": {
        "content": {
          "subject": {
            "content": [
              {
                "index": 4,
                "text": "the"
              },
              {
                "index": 5,
                "text": "deepest"
              },
              {
                "index": 6,
                "text": "part"
              }
            ],
            "isOptional": false,
            "pronoun": []
          },
          "predicate": {
            "content": [
              {
                "index": 7,
                "text": "of"
              }
            ],
            "isOptional": false,
            "pronoun": []
          },
          "object": {
            "content": [
              {
                "index": 8,
                "text": "the"
              },
              {
                "index": 9,
                "text": "Black"
              },
              {
                "index": 10,
                "text": "Sea"
              }
            ],
            "isOptional": false,
            "pronoun": []
          }
        },
        "isOptional": false,
        "pronoun": []
      }
    }
  ]
}