{
  "sentence": "Did Dr. Seuss make himself famous ?",
  "structure": [
    [
      "subject",
      "verb",
      "object",
      "complement"
    ]
  ],
  "relations": [
    {
      "subject": {
        "content": [
          {
            "index": 1,
            "text": "Dr."
          },
          {
            "index": 2,
            "text": "Seuss"
          }
        ],
        "isOptional": false,
        "pronoun": []
      },
      "predicate": {
        "content": [
          {
            "index": 3,
            "text": "make"
          },
          {
            "index": 5,
            "text": "famous"
          }
        ],
        "isOptional": false,
        "pronoun": []
      },
      "object": {
        "content": [
          {
            "index": 4,
            "text": "himself"
          }
        ],
        "isOptional": false,
        "pronoun": []
      }
    }
  ]
}