{
  "sentence": "Is Cookie Monster's diet Paleo friendly ?",
  "structure": [
    [
      "verb",
      "subject",
      "complement"
    ]
  ],
  "relations": [
    {
      "subject": {
        "content": {
          "subject": {
            "content": [
              {
                "index": 1,
                "text": "Cookie"
              },
              {
                "index": 2,
                "text": "Monster"
              }
            ],
            "isOptional": false,
            "pronoun": []
          },
          "predicate": {
            "content": [
              {
                "index": 3,
                "text": "'s"
              }
            ],
            "isOptional": false,
            "pronoun": []
          },
          "object": {
            "content": [
              {
                "index": 4,
                "text": "diet"
              },
              {
                "index": 5,
                "text": "Paleo"
              }
            ],
            "isOptional": false,
            "pronoun": []
          }
        },
        "isOptional": false,
        "pronoun": []
      },
      "predicate": {
        "content": [
          {
            "index": 0,
            "text": "is"
          }
        ],
        "isOptional": false,
        "pronoun": []
      },
      "object": {
        "content": [
          {
            "index": 6,
            "text": "friendly"
          }
        ],
        "isOptional": false,
        "pronoun": []
      }
    }
  ]
}