{
  "sentence": "Did the Football War last at least a month ?",
  "structure": [
    [
      "subject",
      "verb",
      "adverbial"
    ]
  ],
  "relations": [
    {
      "subject": {
        "content": [
          {
            "index": 1,
            "text": "the"
          },
          {
            "index": 2,
            "text": "Football"
          },
          {
            "index": 3,
            "text": "War"
          }
        ],
        "isOptional": false,
        "pronoun": []
      },
      "predicate": {
        "content": [
          {
            "index": 4,
            "text": "last"
          },
          {
            "index": 5,
            "text": "at"
          }
        ],
        "isOptional": false,
        "pronoun": []
      },
      "object": {
        "content": [
          {
            "index": 6,
            "text": "least"
          },
          {
            "index": 7,
            "text": "a"
          },
          {
            "index": 8,
            "text": "month"
          }
        ],
        "isOptional": false,
        "pronoun": []
      }
    }
  ]
}