{
  "sentence": "Is it normal to blow out candles during a funeral ?",
  "structure": [
    [
      "verb",
      "subject",
      "complement",
      {
        "clauseType": "adverbial",
        "clauseStructure": [
          "verb",
          "object"
        ]
      },
      "adverbial"
    ]
  ],
  "relations": [
    {
      "subject": {
        "content": [
          {
            "index": 1,
            "text": "it"
          }
        ],
        "isOptional": false,
        "pronoun": []
      },
      "predicate": {
        "content": [
          {
            "index": 0,
            "text": "is"
          }
        ],
        "isOptional": false,
        "pronoun": []
      },
      "object": {
        "content": {
          "subject": {
            "content": {
              "subject": {
                "content": [
                  {
                    "index": 2,
                    "text": "normal"
                  }
                ],
                "isOptional": false,
                "pronoun": []
              },
              "predicate": {
                "content": [
                  {
                    "index": 3,
                    "text": "to"
                  },
                  {
                    "index": 4,
                    "text": "blow"
                  },
                  {
                    "index": 5,
                    "text": "out"
                  }
                ],
                "isOptional": false,
                "pronoun": []
              },
              "object": {
                "content": [
                  {
                    "index": 6,
                    "text": "candles"
                  }
                ],
                "isOptional": false,
                "pronoun": []
              }
            },
            "isOptional": false,
            "pronoun": []
          },
          "predicate": {
            "content": [
              {
                "index": 7,
                "text": "during"
              }
            ],
            "isOptional": false,
            "pronoun": []
          },
          "object": {
            "content": [
              {
                "index": 8,
                "text": "a"
              },
              {
                "index": 9,
                "text": "funeral"
              }
            ],
            "isOptional": false,
            "pronoun": []
          }
        },
        "isOptional": false,
        "pronoun": []
      }
    }
  ]
}