{
  "sentence": "Could you drive a Rowe 550 to the 2008 Summer Olympics ?",
  "structure": [
    [
      "subject",
      "verb",
      "object",
      "adverbial"
    ]
  ],
  "relations": [
    {
      "subject": {
        "content": [
          {
            "index": 1,
            "text": "you"
          }
        ],
        "isOptional": false,
        "pronoun": []
      },
      "predicate": {
        "content": [
          {
            "index": 0,
            "text": "could"
          },
          {
            "index": 2,
            "text": "drive"
          }
        ],
        "isOptional": false,
        "pronoun": []
      },
      "object": {
        "content": {
          "subject": {
            "content": [
              {
                "index": 3,
                "text": "a"
              },
              {
                "index": 4,
                "text": "Rowe"
              },
              {
                "index": 5,
                "text": "550"
              }
            ],
            "isOptional": false,
            "pronoun": []
          },
          "predicate": {
            "content": [
              {
                "index": 6,
                "text": "to"
              }
            ],
            "isOptional": false,
            "pronoun": []
          },
          "object": {
            "content": [
              {
                "index": 7,
                "text": "the"
              },
              {
                "index": 8,
                "text": "2008"
              },
              {
                "index": 9,
                "text": "Summer"
              },
              {
                "index": 10,
                "text": "Olympics"
              }
            ],
            "isOptional": false,
            "pronoun": []
          }
        },
        "isOptional": false,
        "pronoun": []
      }
    }
  ]
}