{
  "sentence": "Could common warthog be useful for scrimshaw ?",
  "structure": [
    [
      "subject",
      "verb",
      "adverbial"
    ]
  ],
  "relations": [
    {
      "subject": {
        "content": [
          {
            "index": 1,
            "text": "common"
          },
          {
            "index": 2,
            "text": "warthog"
          }
        ],
        "isOptional": false,
        "pronoun": []
      },
      "predicate": {
        "content": [
          {
            "index": 0,
            "text": "could"
          },
          {
            "index": 3,
            "text": "be"
          },
          {
            "index": 4,
            "text": "useful"
          },
          {
            "index": 5,
            "text": "for"
          }
        ],
        "isOptional": false,
        "pronoun": []
      },
      "object": {
        "content": [
          {
            "index": 6,
            "text": "scrimshaw"
          }
        ],
        "isOptional": false,
        "pronoun": []
      }
    }
  ]
}