{
  "sentence": "Is the Asian black bear multicolored ?",
  "structure": [
    [
      "verb",
      "subject",
      "complement"
    ]
  ],
  "relations": [
    {
      "subject": {
        "content": [
          {
            "index": 1,
            "text": "the"
          },
          {
            "index": 2,
            "text": "Asian"
          },
          {
            "index": 3,
            "text": "black"
          },
          {
            "index": 4,
            "text": "bear"
          }
        ],
        "isOptional": false,
        "pronoun": []
      },
      "predicate": {
        "content": [
          {
            "index": 0,
            "text": "is"
          }
        ],
        "isOptional": false,
        "pronoun": []
      },
      "object": {
        "content": [
          {
            "index": 5,
            "text": "multicolored"
          }
        ],
        "isOptional": false,
        "pronoun": []
      }
    }
  ]
}