{
  "sentence": "Could Barron Trump have lived through the Mexican Revolution ?",
  "structure": [
    [
      "subject",
      "verb",
      "adverbial"
    ]
  ],
  "relations": [
    {
      "subject": {
        "content": [
          {
            "index": 1,
            "text": "Barron"
          },
          {
            "index": 2,
            "text": "Trump"
          }
        ],
        "isOptional": false,
        "pronoun": []
      },
      "predicate": {
        "content": [
          {
            "index": 0,
            "text": "could"
          },
          {
            "index": 3,
            "text": "have"
          },
          {
            "index": 4,
            "text": "lived"
          },
          {
            "index": 5,
            "text": "through"
          }
        ],
        "isOptional": false,
        "pronoun": []
      },
      "object": {
        "content": [
          {
            "index": 6,
            "text": "the"
          },
          {
            "index": 7,
            "text": "Mexican"
          },
          {
            "index": 8,
            "text": "Revolution"
          }
        ],
        "isOptional": false,
        "pronoun": []
      }
    }
  ]
}