{
  "sentence": "Was Christina Aguilera born in the forgotten borough ?",
  "structure": [
    [
      "subject",
      "verb",
      "adverbial"
    ]
  ],
  "relations": [
    {
      "subject": {
        "content": [
          {
            "index": 1,
            "text": "Christina"
          },
          {
            "index": 2,
            "text": "Aguilera"
          }
        ],
        "isOptional": false,
        "pronoun": []
      },
      "predicate": {
        "content": [
          {
            "index": 0,
            "text": "was"
          },
          {
            "index": 3,
            "text": "born"
          },
          {
            "index": 4,
            "text": "in"
          }
        ],
        "isOptional": false,
        "pronoun": []
      },
      "object": {
        "content": [
          {
            "index": 5,
            "text": "the"
          },
          {
            "index": 6,
            "text": "forgotten"
          },
          {
            "index": 7,
            "text": "borough"
          }
        ],
        "isOptional": false,
        "pronoun": []
      }
    }
  ]
}