{
  "sentence": "Will Oasis cruise boat traverse the Lincoln Tunnel ?",
  "structure": [
    [
      "subject",
      "verb",
      "object"
    ]
  ],
  "relations": [
    {
      "subject": {
        "content": [
          {
            "index": 1,
            "text": "Oasis"
          },
          {
            "index": 2,
            "text": "cruise"
          },
          {
            "index": 3,
            "text": "boat"
          }
        ],
        "isOptional": false,
        "pronoun": []
      },
      "predicate": {
        "content": [
          {
            "index": 0,
            "text": "will"
          },
          {
            "index": 4,
            "text": "traverse"
          }
        ],
        "isOptional": false,
        "pronoun": []
      },
      "object": {
        "content": [
          {
            "index": 5,
            "text": "the"
          },
          {
            "index": 6,
            "text": "Lincoln"
          },
          {
            "index": 7,
            "text": "Tunnel"
          }
        ],
        "isOptional": false,
        "pronoun": []
      }
    }
  ]
}