{
  "sentence": "Does United Airlines have a perfect operation record ?",
  "structure": [
    [
      "subject",
      "verb",
      "object"
    ]
  ],
  "relations": [
    {
      "subject": {
        "content": [
          {
            "index": 1,
            "text": "United"
          },
          {
            "index": 2,
            "text": "Airlines"
          }
        ],
        "isOptional": false,
        "pronoun": []
      },
      "predicate": {
        "content": [
          {
            "index": 3,
            "text": "have"
          }
        ],
        "isOptional": false,
        "pronoun": []
      },
      "object": {
        "content": [
          {
            "index": 4,
            "text": "a"
          },
          {
            "index": 5,
            "text": "perfect"
          },
          {
            "index": 6,
            "text": "operation"
          },
          {
            "index": 7,
            "text": "record"
          }
        ],
        "isOptional": false,
        "pronoun": []
      }
    }
  ]
}