{
  "sentence": "Are Scottish people Albidosi ?",
  "structure": [
    [
      "verb",
      "subject",
      "object"
    ]
  ],
  "relations": [
    {
      "subject": {
        "content": [
          {
            "index": 1,
            "text": "Scottish"
          },
          {
            "index": 2,
            "text": "people"
          }
        ],
        "isOptional": false,
        "pronoun": []
      },
      "predicate": {
        "content": [
          {
            "index": 0,
            "text": "are"
          }
        ],
        "isOptional": false,
        "pronoun": []
      },
      "object": {
        "content": [
          {
            "index": 3,
            "text": "Albidosi"
          }
        ],
        "isOptional": false,
        "pronoun": []
      }
    }
  ]
}