{
  "sentence": "Does Long John Silver's serve sea otter ?",
  "structure": [
    [
      "subject",
      "verb",
      "object"
    ]
  ],
  "relations": [
    {
      "subject": {
        "content": [
          {
            "index": 1,
            "text": "Long"
          },
          {
            "index": 2,
            "text": "John"
          },
          {
            "index": 3,
            "text": "Silver"
          },
          {
            "index": 4,
            "text": "'s"
          }
        ],
        "isOptional": false,
        "pronoun": []
      },
      "predicate": {
        "content": [
          {
            "index": 5,
            "text": "serve"
          }
        ],
        "isOptional": false,
        "pronoun": []
      },
      "object": {
        "content": [
          {
            "index": 6,
            "text": "sea"
          },
          {
            "index": 7,
            "text": "otter"
          }
        ],
        "isOptional": false,
        "pronoun": []
      }
    }
  ]
}