{
  "sentence": "Is Christmas celebrated during winter ?",
  "structure": [
    [
      "verb",
      "subject",
      "adverbial"
    ]
  ],
  "relations": [
    {
      "subject": {
        "content": [
          {
            "index": 1,
            "text": "Christmas"
          }
        ],
        "isOptional": false,
        "pronoun": []
      },
      "predicate": {
        "content": [
          {
            "index": 0,
            "text": "is"
          },
          {
            "index": 2,
            "text": "celebrated"
          },
          {
            "index": 3,
            "text": "during"
          }
        ],
        "isOptional": false,
        "pronoun": []
      },
      "object": {
        "content": [
          {
            "index": 4,
            "text": "winter"
          }
        ],
        "isOptional": false,
        "pronoun": []
      }
    }
  ]
}