{
  "sentence": "Does Super Mario protagonist hypothetically not need continuing education classes in Illinois ?",
  "structure": [
    [
      "subject",
      "verb",
      "object",
      "adverbial"
    ]
  ],
  "relations": [
    {
      "subject": {
        "content": [
          {
            "index": 1,
            "text": "Super"
          },
          {
            "index": 2,
            "text": "Mario"
          },
          {
            "index": 3,
            "text": "protagonist"
          }
        ],
        "isOptional": false,
        "pronoun": []
      },
      "predicate": {
        "content": [
          {
            "index": 4,
            "text": "hypothetically"
          },
          {
            "index": 5,
            "text": "not"
          },
          {
            "index": 6,
            "text": "need"
          },
          {
            "index": 7,
            "text": "continuing"
          }
        ],
        "isOptional": false,
        "pronoun": []
      },
      "object": {
        "content": {
          "subject": {
            "content": [
              {
                "index": 8,
                "text": "education"
              },
              {
                "index": 9,
                "text": "classes"
              }
            ],
            "isOptional": false,
            "pronoun": []
          },
          "predicate": {
            "content": [
              {
                "index": 10,
                "text": "in"
              }
            ],
            "isOptional": false,
            "pronoun": []
          },
          "object": {
            "content": [
              {
                "index": 11,
                "text": "Illinois"
              }
            ],
            "isOptional": false,
            "pronoun": []
          }
        },
        "isOptional": false,
        "pronoun": []
      }
    }
  ]
}