{
  "sentence": "Would a TMNT coloring book have pizza in it ?",
  "structure": [
    [
      "subject",
      "verb",
      "object",
      "adverbial"
    ]
  ],
  "relations": [
    {
      "subject": {
        "content": [
          {
            "index": 1,
            "text": "a"
          },
          {
            "index": 2,
            "text": "TMNT"
          },
          {
            "index": 3,
            "text": "coloring"
          },
          {
            "index": 4,
            "text": "book"
          }
        ],
        "isOptional": false,
        "pronoun": []
      },
      "predicate": {
        "content": [
          {
            "index": 0,
            "text": "would"
          },
          {
            "index": 5,
            "text": "have"
          }
        ],
        "isOptional": false,
        "pronoun": []
      },
      "object": {
        "content": {
          "subject": {
            "content": [
              {
                "index": 6,
                "text": "pizza"
              }
            ],
            "isOptional": false,
            "pronoun": []
          },
          "predicate": {
            "content": [
              {
                "index": 7,
                "text": "in"
              }
            ],
            "isOptional": false,
            "pronoun": []
          },
          "object": {
            "content": [
              {
                "index": 8,
                "text": "it"
              }
            ],
            "isOptional": false,
            "pronoun": [
              {
                "index": 1,
                "text": "a"
              },
              {
                "index": 2,
                "text": "TMNT"
              },
              {
                "index": 3,
                "text": "coloring"
              },
              {
                "index": 4,
                "text": "book"
              }
            ]
          }
        },
        "isOptional": false,
        "pronoun": []
      }
    }
  ]
}