{
  "sentence": "Are you more likely to find bipolar disorder in a crowd than diabetes ?",
  "structure": [
    [
      "subject",
      "verb",
      {
        "clauseType": "adverbial",
        "clauseStructure": [
          "verb",
          "object",
          "adverbial",
          "adverbial"
        ]
      }
    ]
  ],
  "relations": [
    {
      "subject": {
        "content": [
          {
            "index": 1,
            "text": "you"
          }
        ],
        "isOptional": false,
        "pronoun": []
      },
      "predicate": {
        "content": {
          "subject": {
            "content": {
              "subject": {
                "content": [
                  {
                    "index": 0,
                    "text": "are"
                  },
                  {
                    "index": 2,
                    "text": "more"
                  },
                  {
                    "index": 3,
                    "text": "likely"
                  }
                ],
                "isOptional": false,
                "pronoun": []
              },
              "predicate": {
                "content": [
                  {
                    "index": 4,
                    "text": "to"
                  },
                  {
                    "index": 5,
                    "text": "find"
                  }
                ],
                "isOptional": false,
                "pronoun": []
              },
              "object": {
                "content": {
                  "subject": {
                    "content": [
                      {
                        "index": 6,
                        "text": "bipolar"
                      },
                      {
                        "index": 7,
                        "text": "disorder"
                      }
                    ],
                    "isOptional": false,
                    "pronoun": []
                  },
                  "predicate": {
                    "content": [
                      {
                        "index": 8,
                        "text": "in"
                      }
                    ],
                    "isOptional": false,
                    "pronoun": []
                  },
                  "object": {
                    "content": [
                      {
                        "index": 9,
                        "text": "a"
                      },
                      {
                        "index": 10,
                        "text": "crowd"
                      }
                    ],
                    "isOptional": false,
                    "pronoun": []
                  }
                },
                "isOptional": false,
                "pronoun": []
              }
            },
            "isOptional": false,
            "pronoun": []
          },
          "predicate": {
            "content": [
              {
                "index": 11,
                "text": "than"
              }
            ],
            "isOptional": false,
            "pronoun": []
          },
          "object": {
            "content": [
              {
                "index": 12,
                "text": "diabetes"
              }
            ],
            "isOptional": false,
            "pronoun": []
          }
        },
        "isOptional": false,
        "pronoun": []
      },
      "object": {
        "content": "",
        "isOptional": false,
        "pronoun": []
      }
    }
  ]
}