{
  "sentence": "Will Chick Fil A be open on Halloween 2021 ?",
  "structure": [
    [
      "subject",
      "verb",
      "complement",
      "adverbial"
    ]
  ],
  "relations": [
    {
      "subject": {
        "content": [
          {
            "index": 1,
            "text": "Chick"
          },
          {
            "index": 2,
            "text": "Fil"
          },
          {
            "index": 3,
            "text": "A"
          }
        ],
        "isOptional": false,
        "pronoun": []
      },
      "predicate": {
        "content": [
          {
            "index": 0,
            "text": "will"
          },
          {
            "index": 4,
            "text": "be"
          },
          {
            "index": 5,
            "text": "open"
          },
          {
            "index": 6,
            "text": "on"
          }
        ],
        "isOptional": false,
        "pronoun": []
      },
      "object": {
        "content": [
          {
            "index": 7,
            "text": "Halloween"
          },
          {
            "index": 8,
            "text": "2021"
          }
        ],
        "isOptional": false,
        "pronoun": []
      }
    }
  ]
}