{
  "sentence": "Can too many oranges cause diarrhea ?",
  "structure": [
    [
      "subject",
      "verb",
      "object"
    ]
  ],
  "relations": [
    {
      "subject": {
        "content": [
          {
            "index": 1,
            "text": "too"
          },
          {
            "index": 2,
            "text": "many"
          },
          {
            "index": 3,
            "text": "oranges"
          }
        ],
        "isOptional": false,
        "pronoun": []
      },
      "predicate": {
        "content": [
          {
            "index": 0,
            "text": "can"
          },
          {
            "index": 4,
            "text": "cause"
          }
        ],
        "isOptional": false,
        "pronoun": []
      },
      "object": {
        "content": [
          {
            "index": 5,
            "text": "diarrhea"
          }
        ],
        "isOptional": false,
        "pronoun": []
      }
    }
  ]
}