{
  "sentence": "Would Tom Cruise ever insult L. Ron Hubbard ?",
  "structure": [
    [
      "subject",
      "verb",
      "object"
    ]
  ],
  "relations": [
    {
      "subject": {
        "content": [
          {
            "index": 1,
            "text": "Tom"
          },
          {
            "index": 2,
            "text": "Cruise"
          }
        ],
        "isOptional": false,
        "pronoun": []
      },
      "predicate": {
        "content": [
          {
            "index": 0,
            "text": "would"
          },
          {
            "index": 3,
            "text": "ever"
          },
          {
            "index": 4,
            "text": "insult"
          }
        ],
        "isOptional": false,
        "pronoun": []
      },
      "object": {
        "content": [
          {
            "index": 5,
            "text": "L."
          },
          {
            "index": 6,
            "text": "Ron"
          },
          {
            "index": 7,
            "text": "Hubbard"
          }
        ],
        "isOptional": false,
        "pronoun": []
      }
    }
  ]
}