{
  "sentence": "Is dessert eaten before breakfast ?",
  "structure": [
    [
      "subject",
      "verb",
      "adverbial"
    ]
  ],
  "relations": [
    {
      "subject": {
        "content": [
          {
            "index": 1,
            "text": "dessert"
          }
        ],
        "isOptional": false,
        "pronoun": []
      },
      "predicate": {
        "content": [
          {
            "index": 0,
            "text": "is"
          },
          {
            "index": 2,
            "text": "eaten"
          },
          {
            "index": 3,
            "text": "before"
          }
        ],
        "isOptional": false,
        "pronoun": []
      },
      "object": {
        "content": [
          {
            "index": 4,
            "text": "breakfast"
          }
        ],
        "isOptional": false,
        "pronoun": []
      }
    }
  ]
}