{
  "sentence": "Would Elon Musk be more likely to know about astrology than physics ?",
  "structure": [
    [
      "subject",
      "verb",
      "complement",
      {
        "clauseType": "adverbial",
        "clauseStructure": [
          "verb",
          "adverbial",
          "adverbial"
        ]
      }
    ]
  ],
  "relations": [
    {
      "subject": {
        "content": [
          {
            "index": 1,
            "text": "Elon"
          },
          {
            "index": 2,
            "text": "Musk"
          }
        ],
        "isOptional": false,
        "pronoun": []
      },
      "predicate": {
        "content": [
          {
            "index": 0,
            "text": "would"
          },
          {
            "index": 3,
            "text": "be"
          }
        ],
        "isOptional": false,
        "pronoun": []
      },
      "object": {
        "content": {
          "subject": {
            "content": {
              "subject": {
                "content": [
                  {
                    "index": 4,
                    "text": "more"
                  },
                  {
                    "index": 5,
                    "text": "likely"
                  }
                ],
                "isOptional": false,
                "pronoun": []
              },
              "predicate": {
                "content": {
                  "subject": {
                    "content": [
                      {
                        "index": 6,
                        "text": "to"
                      }
                    ],
                    "isOptional": false,
                    "pronoun": []
                  },
                  "predicate": {
                    "content": [
                      {
                        "index": 7,
                        "text": "know"
                      }
                    ],
                    "isOptional": false,
                    "pronoun": []
                  },
                  "object": {
                    "content": [
                      {
                        "index": 8,
                        "text": "about"
                      }
                    ],
                    "isOptional": false,
                    "pronoun": []
                  }
                },
                "isOptional": false,
                "pronoun": []
              },
              "object": {
                "content": [
                  {
                    "index": 9,
                    "text": "astrology"
                  }
                ],
                "isOptional": false,
                "pronoun": []
              }
            },
            "isOptional": false,
            "pronoun": []
          },
          "predicate": {
            "content": [
              {
                "index": 10,
                "text": "than"
              }
            ],
            "isOptional": false,
            "pronoun": []
          },
          "object": {
            "content": [
              {
                "index": 11,
                "text": "physics"
              }
            ],
            "isOptional": false,
            "pronoun": []
          }
        },
        "isOptional": false,
        "pronoun": []
      }
    }
  ]
}