{
  "sentence": "Can you see live harbor seals in Washington DC ?",
  "structure": [
    [
      "subject",
      "verb",
      "object",
      "adverbial"
    ]
  ],
  "relations": [
    {
      "subject": {
        "content": {
          "subject": {
            "content": [
              {
                "index": 1,
                "text": "you"
              }
            ],
            "isOptional": false,
            "pronoun": []
          },
          "predicate": {
            "content": [
              {
                "index": 0,
                "text": "can"
              },
              {
                "index": 2,
                "text": "see"
              }
            ],
            "isOptional": false,
            "pronoun": []
          },
          "object": {
            "content": [
              {
                "index": 3,
                "text": "live"
              },
              {
                "index": 4,
                "text": "harbor"
              },
              {
                "index": 5,
                "text": "seals"
              }
            ],
            "isOptional": false,
            "pronoun": []
          }
        },
        "isOptional": false,
        "pronoun": []
      },
      "predicate": {
        "content": [
          {
            "index": 6,
            "text": "in"
          }
        ],
        "isOptional": false,
        "pronoun": []
      },
      "object": {
        "content": [
          {
            "index": 7,
            "text": "Washington"
          },
          {
            "index": 8,
            "text": "DC"
          }
        ],
        "isOptional": false,
        "pronoun": []
      }
    }
  ]
}